Great_Group,Suborder,Order,TAX
Albaqualfs,Aqualfs,Alfisols,Alfisols_Aqualfs_Albaqualfs
Cryaqualfs,Aqualfs,Alfisols,Alfisols_Aqualfs_Cryaqualfs
Duraqualfs,Aqualfs,Alfisols,Alfisols_Aqualfs_Duraqualfs
Endoaqualfs,Aqualfs,Alfisols,Alfisols_Aqualfs_Endoaqualfs
Epiaqualfs,Aqualfs,Alfisols,Alfisols_Aqualfs_Epiaqualfs
Fragiaqualfs,Aqualfs,Alfisols,Alfisols_Aqualfs_Fragiaqualfs
Glossaqualfs,Aqualfs,Alfisols,Alfisols_Aqualfs_Glossaqualfs
Kandiaqualfs,Aqualfs,Alfisols,Alfisols_Aqualfs_Kandiaqualfs
Natraqualfs,Aqualfs,Alfisols,Alfisols_Aqualfs_Natraqualfs
Ochraqualfs,Aqualfs,Alfisols,Alfisols_Aqualfs_Ochraqualfs
Plinthaqualfs,Aqualfs,Alfisols,Alfisols_Aqualfs_Plinthaqualfs
Tropaqualfs,Aqualfs,Alfisols,Alfisols_Aqualfs_Tropaqualfs
Umbraqualfs,Aqualfs,Alfisols,Alfisols_Aqualfs_Umbraqualfs
Vermaqualfs,Aqualfs,Alfisols,Alfisols_Aqualfs_Vermaqualfs
Cryoboralfs,Boralfs,Alfisols,Alfisols_Boralfs_Cryoboralfs
Eutroboralfs,Boralfs,Alfisols,Alfisols_Boralfs_Eutroboralfs
Fragiboralfs,Boralfs,Alfisols,Alfisols_Boralfs_Fragiboralfs
Glossoboralfs,Boralfs,Alfisols,Alfisols_Boralfs_Glossoboralfs
Natriboralfs,Boralfs,Alfisols,Alfisols_Boralfs_Natriboralfs
Paleboralfs,Boralfs,Alfisols,Alfisols_Boralfs_Paleboralfs
Glossocryalfs,Cryalfs,Alfisols,Alfisols_Cryalfs_Glossocryalfs
Haplocryalfs,Cryalfs,Alfisols,Alfisols_Cryalfs_Haplocryalfs
Palecryalfs,Cryalfs,Alfisols,Alfisols_Cryalfs_Palecryalfs
Ferrudalfs,Udalfs,Alfisols,Alfisols_Udalfs_Ferrudalfs
Fragiudalfs,Udalfs,Alfisols,Alfisols_Udalfs_Fragiudalfs
Fraglossudalfs,Udalfs,Alfisols,Alfisols_Udalfs_Fraglossudalfs
Glossudalfs,Udalfs,Alfisols,Alfisols_Udalfs_Glossudalfs
Hapludalfs,Udalfs,Alfisols,Alfisols_Udalfs_Hapludalfs
Kandiudalfs,Udalfs,Alfisols,Alfisols_Udalfs_Kandiudalfs
Kanhapludalfs,Udalfs,Alfisols,Alfisols_Udalfs_Kanhapludalfs
Natrudalfs,Udalfs,Alfisols,Alfisols_Udalfs_Natrudalfs
Paleudalfs,Udalfs,Alfisols,Alfisols_Udalfs_Paleudalfs
Rhodudalfs,Udalfs,Alfisols,Alfisols_Udalfs_Rhodudalfs
Tropudalfs,Udalfs,Alfisols,Alfisols_Udalfs_Tropudalfs
Durustalfs,Ustalfs,Alfisols,Alfisols_Ustalfs_Durustalfs
Haplustalfs,Ustalfs,Alfisols,Alfisols_Ustalfs_Haplustalfs
Kandiustalfs,Ustalfs,Alfisols,Alfisols_Ustalfs_Kandiustalfs
Kanhaplustalfs,Ustalfs,Alfisols,Alfisols_Ustalfs_Kanhaplustalfs
Natrustalfs,Ustalfs,Alfisols,Alfisols_Ustalfs_Natrustalfs
Paleustalfs,Ustalfs,Alfisols,Alfisols_Ustalfs_Paleustalfs
Plinthustalfs,Ustalfs,Alfisols,Alfisols_Ustalfs_Plinthustalfs
Rhodustalfs,Ustalfs,Alfisols,Alfisols_Ustalfs_Rhodustalfs
Durixeralfs,Xeralfs,Alfisols,Alfisols_Xeralfs_Durixeralfs
Fragixeralfs,Xeralfs,Alfisols,Alfisols_Xeralfs_Fragixeralfs
Haploxeralfs,Xeralfs,Alfisols,Alfisols_Xeralfs_Haploxeralfs
Natrixeralfs,Xeralfs,Alfisols,Alfisols_Xeralfs_Natrixeralfs
Palexeralfs,Xeralfs,Alfisols,Alfisols_Xeralfs_Palexeralfs
Plinthoxeralfs,Xeralfs,Alfisols,Alfisols_Xeralfs_Plinthoxeralfs
Rhodoxeralfs,Xeralfs,Alfisols,Alfisols_Xeralfs_Rhodoxeralfs
Cryaquands,Aquands,Andisols,Andisols_Aquands_Cryaquands
Duraquands,Aquands,Andisols,Andisols_Aquands_Duraquands
Endoaquands,Aquands,Andisols,Andisols_Aquands_Endoaquands
Epiaquands,Aquands,Andisols,Andisols_Aquands_Epiaquands
Gelaquands,Aquands,Andisols,Andisols_Aquands_Gelaquands
Haplaquands,Aquands,Andisols,Andisols_Aquands_Haplaquands
Melanaquands,Aquands,Andisols,Andisols_Aquands_Melanaquands
Placaquands,Aquands,Andisols,Andisols_Aquands_Placaquands
Vitraquands,Aquands,Andisols,Andisols_Aquands_Vitraquands
Duricryands,Cryands,Andisols,Andisols_Cryands_Duricryands
Fulvicryands,Cryands,Andisols,Andisols_Cryands_Fulvicryands
Haplocryands,Cryands,Andisols,Andisols_Cryands_Haplocryands
Hydrocryands,Cryands,Andisols,Andisols_Cryands_Hydrocryands
Melanocryands,Cryands,Andisols,Andisols_Cryands_Melanocryands
Vitricryands,Cryands,Andisols,Andisols_Cryands_Vitricryands
Vitrigelands,Gelands,Andisols,Andisols_Gelands_Vitrigelands
Duritorrands,Torrands,Andisols,Andisols_Torrands_Duritorrands
Haplotorrands,Torrands,Andisols,Andisols_Torrands_Haplotorrands
Vitritorrands,Torrands,Andisols,Andisols_Torrands_Vitritorrands
Durudands,Udands,Andisols,Andisols_Udands_Durudands
Fulvudands,Udands,Andisols,Andisols_Udands_Fulvudands
Hapludands,Udands,Andisols,Andisols_Udands_Hapludands
Hydrudands,Udands,Andisols,Andisols_Udands_Hydrudands
Melanudands,Udands,Andisols,Andisols_Udands_Melanudands
Placudands,Udands,Andisols,Andisols_Udands_Placudands
Durustands,Ustands,Andisols,Andisols_Ustands_Durustands
Haplustands,Ustands,Andisols,Andisols_Ustands_Haplustands
Udivitrands,Vitrands,Andisols,Andisols_Vitrands_Udivitrands
Ustivitrands,Vitrands,Andisols,Andisols_Vitrands_Ustivitrands
Haploxerands,Xerands,Andisols,Andisols_Xerands_Haploxerands
Melanoxerands,Xerands,Andisols,Andisols_Xerands_Melanoxerands
Vitrixerands,Xerands,Andisols,Andisols_Xerands_Vitrixerands
Calciargids,Argids,Aridisols,Aridisols_Argids_Calciargids
Durargids,Argids,Aridisols,Aridisols_Argids_Durargids
Gypsiargids,Argids,Aridisols,Aridisols_Argids_Gypsiargids
Haplargids,Argids,Aridisols,Aridisols_Argids_Haplargids
Nadurargids,Argids,Aridisols,Aridisols_Argids_Nadurargids
Natrargids,Argids,Aridisols,Aridisols_Argids_Natrargids
Paleargids,Argids,Aridisols,Aridisols_Argids_Paleargids
Petroargids,Argids,Aridisols,Aridisols_Argids_Petroargids
Haplocalcids,Calcids,Aridisols,Aridisols_Calcids_Haplocalcids
Petrocalcids,Calcids,Aridisols,Aridisols_Calcids_Petrocalcids
Anthracambids,Cambids,Aridisols,Aridisols_Cambids_Anthracambids
Aquicambids,Cambids,Aridisols,Aridisols_Cambids_Aquicambids
Haplocambids,Cambids,Aridisols,Aridisols_Cambids_Haplocambids
Petrocambids,Cambids,Aridisols,Aridisols_Cambids_Petrocambids
Argicryids,Cryids,Aridisols,Aridisols_Cryids_Argicryids
Calcicryids,Cryids,Aridisols,Aridisols_Cryids_Calcicryids
Gypsicryids,Cryids,Aridisols,Aridisols_Cryids_Gypsicryids
Haplocryids,Cryids,Aridisols,Aridisols_Cryids_Haplocryids
Petrocryids,Cryids,Aridisols,Aridisols_Cryids_Petrocryids
Salicryids,Cryids,Aridisols,Aridisols_Cryids_Salicryids
Argidurids,Durids,Aridisols,Aridisols_Durids_Argidurids
Haplodurids,Durids,Aridisols,Aridisols_Durids_Haplodurids
Natridurids,Durids,Aridisols,Aridisols_Durids_Natridurids
Argigypsids,Gypsids,Aridisols,Aridisols_Gypsids_Argigypsids
Calcigypsids,Gypsids,Aridisols,Aridisols_Gypsids_Calcigypsids
Haplogypsids,Gypsids,Aridisols,Aridisols_Gypsids_Haplogypsids
Natrigypsids,Gypsids,Aridisols,Aridisols_Gypsids_Natrigypsids
Petrogypsids,Gypsids,Aridisols,Aridisols_Gypsids_Petrogypsids
Calciorthids,Orthids,Aridisols,Aridisols_Orthids_Calciorthids
Camborthids,Orthids,Aridisols,Aridisols_Orthids_Camborthids
Durorthids,Orthids,Aridisols,Aridisols_Orthids_Durorthids
Gypsiorthids,Orthids,Aridisols,Aridisols_Orthids_Gypsiorthids
Paleorthids,Orthids,Aridisols,Aridisols_Orthids_Paleorthids
Salorthids,Orthids,Aridisols,Aridisols_Orthids_Salorthids
Aquisalids,Salids,Aridisols,Aridisols_Salids_Aquisalids
Haplosalids,Salids,Aridisols,Aridisols_Salids_Haplosalids
Cryaquents,Aquents,Entisols,Entisols_Aquents_Cryaquents
Endoaquents,Aquents,Entisols,Entisols_Aquents_Endoaquents
Epiaquents,Aquents,Entisols,Entisols_Aquents_Epiaquents
Fluvaquents,Aquents,Entisols,Entisols_Aquents_Fluvaquents
Gelaquents,Aquents,Entisols,Entisols_Aquents_Gelaquents
Haplaquents,Aquents,Entisols,Entisols_Aquents_Haplaquents
Hydraquents,Aquents,Entisols,Entisols_Aquents_Hydraquents
Psammaquents,Aquents,Entisols,Entisols_Aquents_Psammaquents
Sulfaquents,Aquents,Entisols,Entisols_Aquents_Sulfaquents
Tropaquents,Aquents,Entisols,Entisols_Aquents_Tropaquents
Torriarents,Arents,Entisols,Entisols_Arents_Torriarents
Udarents,Arents,Entisols,Entisols_Arents_Udarents
Ustarents,Arents,Entisols,Entisols_Arents_Ustarents
Xerarents,Arents,Entisols,Entisols_Arents_Xerarents
Cryofluvents,Fluvents,Entisols,Entisols_Fluvents_Cryofluvents
Gelifluvents,Fluvents,Entisols,Entisols_Fluvents_Gelifluvents
Torrifluvents,Fluvents,Entisols,Entisols_Fluvents_Torrifluvents
Tropofluvents,Fluvents,Entisols,Entisols_Fluvents_Tropofluvents
Udifluvents,Fluvents,Entisols,Entisols_Fluvents_Udifluvents
Ustifluvents,Fluvents,Entisols,Entisols_Fluvents_Ustifluvents
Xerofluvents,Fluvents,Entisols,Entisols_Fluvents_Xerofluvents
Cryorthents,Orthents,Entisols,Entisols_Orthents_Cryorthents
Gelorthents,Orthents,Entisols,Entisols_Orthents_Gelorthents
Torriorthents,Orthents,Entisols,Entisols_Orthents_Torriorthents
Troporthents,Orthents,Entisols,Entisols_Orthents_Troporthents
Udorthents,Orthents,Entisols,Entisols_Orthents_Udorthents
Ustorthents,Orthents,Entisols,Entisols_Orthents_Ustorthents
Xerorthents,Orthents,Entisols,Entisols_Orthents_Xerorthents
Cryopsamments,Psamments,Entisols,Entisols_Psamments_Cryopsamments
Quartzipsamments,Psamments,Entisols,Entisols_Psamments_Quartzipsamments
Torripsamments,Psamments,Entisols,Entisols_Psamments_Torripsamments
Tropopsamments,Psamments,Entisols,Entisols_Psamments_Tropopsamments
Udipsamments,Psamments,Entisols,Entisols_Psamments_Udipsamments
Ustipsamments,Psamments,Entisols,Entisols_Psamments_Ustipsamments
Xeropsamments,Psamments,Entisols,Entisols_Psamments_Xeropsamments
Fluviwassents,Wassents,Entisols,Entisols_Wassents_Fluviwassents
Frasiwassents,Wassents,Entisols,Entisols_Wassents_Frasiwassents
Haplowassents,Wassents,Entisols,Entisols_Wassents_Haplowassents
Hydrowassents,Wassents,Entisols,Entisols_Wassents_Hydrowassents
Psammowassents,Wassents,Entisols,Entisols_Wassents_Psammowassents
Sulfiwassents,Wassents,Entisols,Entisols_Wassents_Sulfiwassents
Fibristels,Histels,Gelisols,Gelisols_Histels_Fibristels
Folistels,Histels,Gelisols,Gelisols_Histels_Folistels
Glacistels,Histels,Gelisols,Gelisols_Histels_Glacistels
Hemistels,Histels,Gelisols,Gelisols_Histels_Hemistels
Sapristels,Histels,Gelisols,Gelisols_Histels_Sapristels
Anhyorthels,Orthels,Gelisols,Gelisols_Orthels_Anhyorthels
Aquorthels,Orthels,Gelisols,Gelisols_Orthels_Aquorthels
Argiorthels,Orthels,Gelisols,Gelisols_Orthels_Argiorthels
Haplorthels,Orthels,Gelisols,Gelisols_Orthels_Haplorthels
Historthels,Orthels,Gelisols,Gelisols_Orthels_Historthels
Mollorthels,Orthels,Gelisols,Gelisols_Orthels_Mollorthels
Psammorthels,Orthels,Gelisols,Gelisols_Orthels_Psammorthels
Umbrorthels,Orthels,Gelisols,Gelisols_Orthels_Umbrorthels
Anhyturbels,Turbels,Gelisols,Gelisols_Turbels_Anhyturbels
Aquiturbels,Turbels,Gelisols,Gelisols_Turbels_Aquiturbels
Haploturbels,Turbels,Gelisols,Gelisols_Turbels_Haploturbels
Histoturbels,Turbels,Gelisols,Gelisols_Turbels_Histoturbels
Molliturbels,Turbels,Gelisols,Gelisols_Turbels_Molliturbels
Psammoturbels,Turbels,Gelisols,Gelisols_Turbels_Psammoturbels
Umbriturbels,Turbels,Gelisols,Gelisols_Turbels_Umbriturbels
Borofibrists,Fibrists,Histosols,Histosols_Fibrists_Borofibrists
Cryofibrists,Fibrists,Histosols,Histosols_Fibrists_Cryofibrists
Haplofibrists,Fibrists,Histosols,Histosols_Fibrists_Haplofibrists
Sphagnofibrists,Fibrists,Histosols,Histosols_Fibrists_Sphagnofibrists
Borofolists,Folists,Histosols,Histosols_Folists_Borofolists
Cryofolists,Folists,Histosols,Histosols_Folists_Cryofolists
Torrifolists,Folists,Histosols,Histosols_Folists_Torrifolists
Udifolists,Folists,Histosols,Histosols_Folists_Udifolists
Ustifolists,Folists,Histosols,Histosols_Folists_Ustifolists
Borohemists,Hemists,Histosols,Histosols_Hemists_Borohemists
Cryohemists,Hemists,Histosols,Histosols_Hemists_Cryohemists
Haplohemists,Hemists,Histosols,Histosols_Hemists_Haplohemists
Luvihemists,Hemists,Histosols,Histosols_Hemists_Luvihemists
Medihemists,Hemists,Histosols,Histosols_Hemists_Medihemists
Sulfihemists,Hemists,Histosols,Histosols_Hemists_Sulfihemists
Sulfohemists,Hemists,Histosols,Histosols_Hemists_Sulfohemists
Tropohemists,Hemists,Histosols,Histosols_Hemists_Tropohemists
Borosaprists,Saprists,Histosols,Histosols_Saprists_Borosaprists
Cryosaprists,Saprists,Histosols,Histosols_Saprists_Cryosaprists
Haplosaprists,Saprists,Histosols,Histosols_Saprists_Haplosaprists
Medisaprists,Saprists,Histosols,Histosols_Saprists_Medisaprists
Sulfisaprists,Saprists,Histosols,Histosols_Saprists_Sulfisaprists
Sulfosaprists,Saprists,Histosols,Histosols_Saprists_Sulfosaprists
Troposaprists,Saprists,Histosols,Histosols_Saprists_Troposaprists
Frasiwassists,Wassists,Histosols,Histosols_Wassists_Frasiwassists
Haplowassists,Wassists,Histosols,Histosols_Wassists_Haplowassists
Sulfiwassists,Wassists,Histosols,Histosols_Wassists_Sulfiwassists
Cryandepts,Andepts,Inceptisols,Inceptisols_Andepts_Cryandepts
Durandepts,Andepts,Inceptisols,Inceptisols_Andepts_Durandepts
Dystrandepts,Andepts,Inceptisols,Inceptisols_Andepts_Dystrandepts
Eutrandepts,Andepts,Inceptisols,Inceptisols_Andepts_Eutrandepts
Vitrandepts,Andepts,Inceptisols,Inceptisols_Andepts_Vitrandepts
Haplanthrepts,Anthrepts,Inceptisols,Inceptisols_Anthrepts_Haplanthrepts
Plagganthrepts,Anthrepts,Inceptisols,Inceptisols_Anthrepts_Plagganthrepts
Andaquepts,Aquepts,Inceptisols,Inceptisols_Aquepts_Andaquepts
Cryaquepts,Aquepts,Inceptisols,Inceptisols_Aquepts_Cryaquepts
Endoaquepts,Aquepts,Inceptisols,Inceptisols_Aquepts_Endoaquepts
Epiaquepts,Aquepts,Inceptisols,Inceptisols_Aquepts_Epiaquepts
Fragiaquepts,Aquepts,Inceptisols,Inceptisols_Aquepts_Fragiaquepts
Gelaquepts,Aquepts,Inceptisols,Inceptisols_Aquepts_Gelaquepts
Halaquepts,Aquepts,Inceptisols,Inceptisols_Aquepts_Halaquepts
Haplaquepts,Aquepts,Inceptisols,Inceptisols_Aquepts_Haplaquepts
Humaquepts,Aquepts,Inceptisols,Inceptisols_Aquepts_Humaquepts
Petraquepts,Aquepts,Inceptisols,Inceptisols_Aquepts_Petraquepts
Placaquepts,Aquepts,Inceptisols,Inceptisols_Aquepts_Placaquepts
Sulfaquepts,Aquepts,Inceptisols,Inceptisols_Aquepts_Sulfaquepts
Tropaquepts,Aquepts,Inceptisols,Inceptisols_Aquepts_Tropaquepts
Vermaquepts,Aquepts,Inceptisols,Inceptisols_Aquepts_Vermaquepts
Calcicryepts,Cryepts,Inceptisols,Inceptisols_Cryepts_Calcicryepts
Dystrocryepts,Cryepts,Inceptisols,Inceptisols_Cryepts_Dystrocryepts
Eutrocryepts,Cryepts,Inceptisols,Inceptisols_Cryepts_Eutrocryepts
Haplocryepts,Cryepts,Inceptisols,Inceptisols_Cryepts_Haplocryepts
Humicryepts,Cryepts,Inceptisols,Inceptisols_Cryepts_Humicryepts
Dystrogelepts,Gelepts,Inceptisols,Inceptisols_Gelepts_Dystrogelepts
Haplogelepts,Gelepts,Inceptisols,Inceptisols_Gelepts_Haplogelepts
Humigelepts,Gelepts,Inceptisols,Inceptisols_Gelepts_Humigelepts
Cryochrepts,Ochrepts,Inceptisols,Inceptisols_Ochrepts_Cryochrepts
Durochrepts,Ochrepts,Inceptisols,Inceptisols_Ochrepts_Durochrepts
Dystrochrepts,Ochrepts,Inceptisols,Inceptisols_Ochrepts_Dystrochrepts
Eutrochrepts,Ochrepts,Inceptisols,Inceptisols_Ochrepts_Eutrochrepts
Fragiochrepts,Ochrepts,Inceptisols,Inceptisols_Ochrepts_Fragiochrepts
Ustochrepts,Ochrepts,Inceptisols,Inceptisols_Ochrepts_Ustochrepts
Xerochrepts,Ochrepts,Inceptisols,Inceptisols_Ochrepts_Xerochrepts
Dystropepts,Tropepts,Inceptisols,Inceptisols_Tropepts_Dystropepts
Eutropepts,Tropepts,Inceptisols,Inceptisols_Tropepts_Eutropepts
Humitropepts,Tropepts,Inceptisols,Inceptisols_Tropepts_Humitropepts
Ustropepts,Tropepts,Inceptisols,Inceptisols_Tropepts_Ustropepts
Durudepts,Udepts,Inceptisols,Inceptisols_Udepts_Durudepts
Dystrudepts,Udepts,Inceptisols,Inceptisols_Udepts_Dystrudepts
Eutrudepts,Udepts,Inceptisols,Inceptisols_Udepts_Eutrudepts
Fragiudepts,Udepts,Inceptisols,Inceptisols_Udepts_Fragiudepts
Hapludepts,Udepts,Inceptisols,Inceptisols_Udepts_Hapludepts
Humudepts,Udepts,Inceptisols,Inceptisols_Udepts_Humudepts
Sulfudepts,Udepts,Inceptisols,Inceptisols_Udepts_Sulfudepts
Cryumbrepts,Umbrepts,Inceptisols,Inceptisols_Umbrepts_Cryumbrepts
Fragiumbrepts,Umbrepts,Inceptisols,Inceptisols_Umbrepts_Fragiumbrepts
Haplumbrepts,Umbrepts,Inceptisols,Inceptisols_Umbrepts_Haplumbrepts
Xerumbrepts,Umbrepts,Inceptisols,Inceptisols_Umbrepts_Xerumbrepts
Calciustepts,Ustepts,Inceptisols,Inceptisols_Ustepts_Calciustepts
Durustepts,Ustepts,Inceptisols,Inceptisols_Ustepts_Durustepts
Dystrustepts,Ustepts,Inceptisols,Inceptisols_Ustepts_Dystrustepts
Haplustepts,Ustepts,Inceptisols,Inceptisols_Ustepts_Haplustepts
Humustepts,Ustepts,Inceptisols,Inceptisols_Ustepts_Humustepts
Calcixerepts,Xerepts,Inceptisols,Inceptisols_Xerepts_Calcixerepts
Durixerepts,Xerepts,Inceptisols,Inceptisols_Xerepts_Durixerepts
Dystroxerepts,Xerepts,Inceptisols,Inceptisols_Xerepts_Dystroxerepts
Fragixerepts,Xerepts,Inceptisols,Inceptisols_Xerepts_Fragixerepts
Haploxerepts,Xerepts,Inceptisols,Inceptisols_Xerepts_Haploxerepts
Humixerepts,Xerepts,Inceptisols,Inceptisols_Xerepts_Humixerepts
Argialbolls,Albolls,Mollisols,Mollisols_Albolls_Argialbolls
Natralbolls,Albolls,Mollisols,Mollisols_Albolls_Natralbolls
Argiaquolls,Aquolls,Mollisols,Mollisols_Aquolls_Argiaquolls
Calciaquolls,Aquolls,Mollisols,Mollisols_Aquolls_Calciaquolls
Cryaquolls,Aquolls,Mollisols,Mollisols_Aquolls_Cryaquolls
Duraquolls,Aquolls,Mollisols,Mollisols_Aquolls_Duraquolls
Endoaquolls,Aquolls,Mollisols,Mollisols_Aquolls_Endoaquolls
Epiaquolls,Aquolls,Mollisols,Mollisols_Aquolls_Epiaquolls
Haplaquolls,Aquolls,Mollisols,Mollisols_Aquolls_Haplaquolls
Natraquolls,Aquolls,Mollisols,Mollisols_Aquolls_Natraquolls
Argiborolls,Borolls,Mollisols,Mollisols_Borolls_Argiborolls
Calciborolls,Borolls,Mollisols,Mollisols_Borolls_Calciborolls
Cryoborolls,Borolls,Mollisols,Mollisols_Borolls_Cryoborolls
Haploborolls,Borolls,Mollisols,Mollisols_Borolls_Haploborolls
Natriborolls,Borolls,Mollisols,Mollisols_Borolls_Natriborolls
Paleborolls,Borolls,Mollisols,Mollisols_Borolls_Paleborolls
Vermiborolls,Borolls,Mollisols,Mollisols_Borolls_Vermiborolls
Argicryolls,Cryolls,Mollisols,Mollisols_Cryolls_Argicryolls
Calcicryolls,Cryolls,Mollisols,Mollisols_Cryolls_Calcicryolls
Duricryolls,Cryolls,Mollisols,Mollisols_Cryolls_Duricryolls
Haplocryolls,Cryolls,Mollisols,Mollisols_Cryolls_Haplocryolls
Natricryolls,Cryolls,Mollisols,Mollisols_Cryolls_Natricryolls
Palecryolls,Cryolls,Mollisols,Mollisols_Cryolls_Palecryolls
Haplogelolls,Gelolls,Mollisols,Mollisols_Gelolls_Haplogelolls
Cryrendolls,Rendolls,Mollisols,Mollisols_Rendolls_Cryrendolls
Haprendolls,Rendolls,Mollisols,Mollisols_Rendolls_Haprendolls
Rendolls,Rendolls,Mollisols,Mollisols_Rendolls_Rendolls
Argiudolls,Udolls,Mollisols,Mollisols_Udolls_Argiudolls
Calciudolls,Udolls,Mollisols,Mollisols_Udolls_Calciudolls
Hapludolls,Udolls,Mollisols,Mollisols_Udolls_Hapludolls
Natrudolls,Udolls,Mollisols,Mollisols_Udolls_Natrudolls
Paleudolls,Udolls,Mollisols,Mollisols_Udolls_Paleudolls
Vermudolls,Udolls,Mollisols,Mollisols_Udolls_Vermudolls
Argiustolls,Ustolls,Mollisols,Mollisols_Ustolls_Argiustolls
Calciustolls,Ustolls,Mollisols,Mollisols_Ustolls_Calciustolls
Durustolls,Ustolls,Mollisols,Mollisols_Ustolls_Durustolls
Haplustolls,Ustolls,Mollisols,Mollisols_Ustolls_Haplustolls
Natrustolls,Ustolls,Mollisols,Mollisols_Ustolls_Natrustolls
Paleustolls,Ustolls,Mollisols,Mollisols_Ustolls_Paleustolls
Vermustolls,Ustolls,Mollisols,Mollisols_Ustolls_Vermustolls
Argixerolls,Xerolls,Mollisols,Mollisols_Xerolls_Argixerolls
Calcixerolls,Xerolls,Mollisols,Mollisols_Xerolls_Calcixerolls
Durixerolls,Xerolls,Mollisols,Mollisols_Xerolls_Durixerolls
Haploxerolls,Xerolls,Mollisols,Mollisols_Xerolls_Haploxerolls
Natrixerolls,Xerolls,Mollisols,Mollisols_Xerolls_Natrixerolls
Palexerolls,Xerolls,Mollisols,Mollisols_Xerolls_Palexerolls
Acraquox,Aquox,Oxisols,Oxisols_Aquox_Acraquox
Eutraquox,Aquox,Oxisols,Oxisols_Aquox_Eutraquox
Haplaquox,Aquox,Oxisols,Oxisols_Aquox_Haplaquox
Plinthaquox,Aquox,Oxisols,Oxisols_Aquox_Plinthaquox
Umbraquox,Aquox,Oxisols,Oxisols_Aquox_Umbraquox
Acrohumox,Humox,Oxisols,Oxisols_Humox_Acrohumox
Haplohumox,Humox,Oxisols,Oxisols_Humox_Haplohumox
Acrorthox,Orthox,Oxisols,Oxisols_Orthox_Acrorthox
Haplorthox,Orthox,Oxisols,Oxisols_Orthox_Haplorthox
Umbriorthox,Orthox,Oxisols,Oxisols_Orthox_Umbriorthox
Acroperox,Perox,Oxisols,Oxisols_Perox_Acroperox
Eutroperox,Perox,Oxisols,Oxisols_Perox_Eutroperox
Haploperox,Perox,Oxisols,Oxisols_Perox_Haploperox
Kandiperox,Perox,Oxisols,Oxisols_Perox_Kandiperox
Sombriperox,Perox,Oxisols,Oxisols_Perox_Sombriperox
Acrotorrox,Torrox,Oxisols,Oxisols_Torrox_Acrotorrox
Eutrotorrox,Torrox,Oxisols,Oxisols_Torrox_Eutrotorrox
Haplotorrox,Torrox,Oxisols,Oxisols_Torrox_Haplotorrox
Acrudox,Udox,Oxisols,Oxisols_Udox_Acrudox
Eutrudox,Udox,Oxisols,Oxisols_Udox_Eutrudox
Hapludox,Udox,Oxisols,Oxisols_Udox_Hapludox
Kandiudox,Udox,Oxisols,Oxisols_Udox_Kandiudox
Sombriudox,Udox,Oxisols,Oxisols_Udox_Sombriudox
Acrustox,Ustox,Oxisols,Oxisols_Ustox_Acrustox
Eutrustox,Ustox,Oxisols,Oxisols_Ustox_Eutrustox
Haplustox,Ustox,Oxisols,Oxisols_Ustox_Haplustox
Kandiustox,Ustox,Oxisols,Oxisols_Ustox_Kandiustox
Sombriustox,Ustox,Oxisols,Oxisols_Ustox_Sombriustox
Alaquods,Aquods,Spodosols,Spodosols_Aquods_Alaquods
Cryaquods,Aquods,Spodosols,Spodosols_Aquods_Cryaquods
Duraquods,Aquods,Spodosols,Spodosols_Aquods_Duraquods
Endoaquods,Aquods,Spodosols,Spodosols_Aquods_Endoaquods
Epiaquods,Aquods,Spodosols,Spodosols_Aquods_Epiaquods
Fragiaquods,Aquods,Spodosols,Spodosols_Aquods_Fragiaquods
Haplaquods,Aquods,Spodosols,Spodosols_Aquods_Haplaquods
Placaquods,Aquods,Spodosols,Spodosols_Aquods_Placaquods
Sideraquods,Aquods,Spodosols,Spodosols_Aquods_Sideraquods
Tropaquods,Aquods,Spodosols,Spodosols_Aquods_Tropaquods
Duricryods,Cryods,Spodosols,Spodosols_Cryods_Duricryods
Haplocryods,Cryods,Spodosols,Spodosols_Cryods_Haplocryods
Humicryods,Cryods,Spodosols,Spodosols_Cryods_Humicryods
Placocryods,Cryods,Spodosols,Spodosols_Cryods_Placocryods
Haplogelods,Gelods,Spodosols,Spodosols_Gelods_Haplogelods
Humigelods,Gelods,Spodosols,Spodosols_Gelods_Humigelods
Durihumods,Humods,Spodosols,Spodosols_Humods_Durihumods
Fragihumods,Humods,Spodosols,Spodosols_Humods_Fragihumods
Haplohumods,Humods,Spodosols,Spodosols_Humods_Haplohumods
Placohumods,Humods,Spodosols,Spodosols_Humods_Placohumods
Tropohumods,Humods,Spodosols,Spodosols_Humods_Tropohumods
Alorthods,Orthods,Spodosols,Spodosols_Orthods_Alorthods
Cryorthods,Orthods,Spodosols,Spodosols_Orthods_Cryorthods
Durorthods,Orthods,Spodosols,Spodosols_Orthods_Durorthods
Fragiorthods,Orthods,Spodosols,Spodosols_Orthods_Fragiorthods
Haplorthods,Orthods,Spodosols,Spodosols_Orthods_Haplorthods
Placorthods,Orthods,Spodosols,Spodosols_Orthods_Placorthods
Troporthods,Orthods,Spodosols,Spodosols_Orthods_Troporthods
Albaquults,Aquults,Ultisols,Ultisols_Aquults_Albaquults
Endoaquults,Aquults,Ultisols,Ultisols_Aquults_Endoaquults
Epiaquults,Aquults,Ultisols,Ultisols_Aquults_Epiaquults
Fragiaquults,Aquults,Ultisols,Ultisols_Aquults_Fragiaquults
Kandiaquults,Aquults,Ultisols,Ultisols_Aquults_Kandiaquults
Kanhaplaquults,Aquults,Ultisols,Ultisols_Aquults_Kanhaplaquults
Ochraquults,Aquults,Ultisols,Ultisols_Aquults_Ochraquults
Paleaquults,Aquults,Ultisols,Ultisols_Aquults_Paleaquults
Plinthaquults,Aquults,Ultisols,Ultisols_Aquults_Plinthaquults
Tropaquults,Aquults,Ultisols,Ultisols_Aquults_Tropaquults
Umbraquults,Aquults,Ultisols,Ultisols_Aquults_Umbraquults
Haplohumults,Humults,Ultisols,Ultisols_Humults_Haplohumults
Kandihumults,Humults,Ultisols,Ultisols_Humults_Kandihumults
Kanhaplohumults,Humults,Ultisols,Ultisols_Humults_Kanhaplohumults
Palehumults,Humults,Ultisols,Ultisols_Humults_Palehumults
Plinthohumults,Humults,Ultisols,Ultisols_Humults_Plinthohumults
Sombrihumults,Humults,Ultisols,Ultisols_Humults_Sombrihumults
Fragiudults,Udults,Ultisols,Ultisols_Udults_Fragiudults
Hapludults,Udults,Ultisols,Ultisols_Udults_Hapludults
Kandiudults,Udults,Ultisols,Ultisols_Udults_Kandiudults
Kanhapludults,Udults,Ultisols,Ultisols_Udults_Kanhapludults
Paleudults,Udults,Ultisols,Ultisols_Udults_Paleudults
Plinthudults,Udults,Ultisols,Ultisols_Udults_Plinthudults
Rhodudults,Udults,Ultisols,Ultisols_Udults_Rhodudults
Tropudults,Udults,Ultisols,Ultisols_Udults_Tropudults
Haplustults,Ustults,Ultisols,Ultisols_Ustults_Haplustults
Kandiustults,Ustults,Ultisols,Ultisols_Ustults_Kandiustults
Kanhaplustults,Ustults,Ultisols,Ultisols_Ustults_Kanhaplustults
Paleustults,Ustults,Ultisols,Ultisols_Ustults_Paleustults
Plinthustults,Ustults,Ultisols,Ultisols_Ustults_Plinthustults
Rhodustults,Ustults,Ultisols,Ultisols_Ustults_Rhodustults
Haploxerults,Xerults,Ultisols,Ultisols_Xerults_Haploxerults
Palexerults,Xerults,Ultisols,Ultisols_Xerults_Palexerults
Calciaquerts,Aquerts,Vertisols,Vertisols_Aquerts_Calciaquerts
Duraquerts,Aquerts,Vertisols,Vertisols_Aquerts_Duraquerts
Dystraquerts,Aquerts,Vertisols,Vertisols_Aquerts_Dystraquerts
Endoaquert,Aquerts,Vertisols,Vertisols_Aquerts_Endoaquert
Endoaquerts,Aquerts,Vertisols,Vertisols_Aquerts_Endoaquerts
Epiaquerts,Aquerts,Vertisols,Vertisols_Aquerts_Epiaquerts
Natraquerts,Aquerts,Vertisols,Vertisols_Aquerts_Natraquerts
Salaquerts,Aquerts,Vertisols,Vertisols_Aquerts_Salaquerts
Sulfaquerts,Aquerts,Vertisols,Vertisols_Aquerts_Sulfaquerts
Haplocryerts,Cryerts,Vertisols,Vertisols_Cryerts_Haplocryerts
Humicryerts,Cryerts,Vertisols,Vertisols_Cryerts_Humicryerts
Calcitorrerts,Torrerts,Vertisols,Vertisols_Torrerts_Calcitorrerts
Gypsitorrerts,Torrerts,Vertisols,Vertisols_Torrerts_Gypsitorrerts
Haplotorrerts,Torrerts,Vertisols,Vertisols_Torrerts_Haplotorrerts
Salitorrerts,Torrerts,Vertisols,Vertisols_Torrerts_Salitorrerts
Torrerts,Torrerts,Vertisols,Vertisols_Torrerts_Torrerts
Chromuderts,Uderts,Vertisols,Vertisols_Uderts_Chromuderts
Dystruderts,Uderts,Vertisols,Vertisols_Uderts_Dystruderts
Hapluderts,Uderts,Vertisols,Vertisols_Uderts_Hapluderts
Pelluderts,Uderts,Vertisols,Vertisols_Uderts_Pelluderts
Calciusterts,Usterts,Vertisols,Vertisols_Usterts_Calciusterts
Chromusterts,Usterts,Vertisols,Vertisols_Usterts_Chromusterts
Dystrusterts,Usterts,Vertisols,Vertisols_Usterts_Dystrusterts
Gypsiusterts,Usterts,Vertisols,Vertisols_Usterts_Gypsiusterts
Haplusterts,Usterts,Vertisols,Vertisols_Usterts_Haplusterts
Pellusterts,Usterts,Vertisols,Vertisols_Usterts_Pellusterts
Salusterts,Usterts,Vertisols,Vertisols_Usterts_Salusterts
Calcixererts,Xererts,Vertisols,Vertisols_Xererts_Calcixererts
Chromoxererts,Xererts,Vertisols,Vertisols_Xererts_Chromoxererts
Durixererts,Xererts,Vertisols,Vertisols_Xererts_Durixererts
Haploxererts,Xererts,Vertisols,Vertisols_Xererts_Haploxererts
Pelloxererts,Xererts,Vertisols,Vertisols_Xererts_Pelloxererts