Number,Group,Shortened_name,WRB_group,count,Desc_2nd_level,Alt_Description_merge,R,G,B,Image_name,Image_source,tmp_code,legend
1,Haplic Acrisols,Haplic.Acrisols,Acrisols,2637,,"Acrisols = Strongly leached, red and yellow soils of wet (sub-)tropical regions on acid parent rock, with a clay accumulation horizon, low cation exchange capacity and low base saturation. ",254,129,62,Plinthic_Acrisol.jpg,Profielenfolder.jpg,1,"1,254,129,62,255,Haplic Acrisols"
2,Haplic Acrisols (Alumic),Haplic.Acrisols..Alumic.,Acrisols,159,Having an Al saturation (effective) of 50 percent or more in some layer between 50 and 100 cm from the surface.,"Acrisols = Strongly leached, red and yellow soils of wet (sub-)tropical regions on acid parent rock, with a clay accumulation horizon, low cation exchange capacity and low base saturation. Having an Al saturation (effective) of 50 percent or more in some layer between 50 and 100 cm from the surface.",253,159,57,Plinthic_Acrisol.jpg,Profielenfolder.jpg,2,"2,253,159,57,255,Haplic Acrisols (Alumic)"
3,Haplic Acrisols (Ferric),Haplic.Acrisols..Ferric.,Acrisols,316,"The ferric horizon (from Latin ferrum, iron) is one in which segregation of Fe, or Fe and manganese (Mn), has taken place to such an extent that large mottles or discrete nodules have formed and the intermottle/internodular matrix is largely depleted of Fe. Generally, such segregation leads to poor aggregation of the soil particles in Fedepleted zones and compaction of the horizon.","Acrisols = Strongly leached, red and yellow soils of wet (sub-)tropical regions on acid parent rock, with a clay accumulation horizon, low cation exchange capacity and low base saturation. The ferric horizon (from Latin ferrum, iron) is one in which segregation of Fe, or Fe and manganese (Mn), has taken place to such an extent that large mottles or discrete nodules have formed and the intermottle/internodular matrix is largely depleted of Fe. Generally, such segregation leads to poor aggregation of the soil particles in Fedepleted zones and compaction of the horizon.",253,174,107,Ferric_Acrisol.jpg,Profielenfolder.jpg,3,"3,253,174,107,255,Haplic Acrisols (Ferric)"
4,Haplic Acrisols (Humic),Haplic.Acrisols..Humic.,Acrisols,169,"Having the following organic carbon contents in the fine earth fraction as a weighted average in Ferralsols and Nitisols, 1.4 percent or more to a depth of 100 cm from the mineral soil surface; in Leptosols, 2 percent or more to a depth of 25 cm from the mineral soil surface; in other soils, 1 percent or more to a depth of 50 cm from the mineral soil surface.","Acrisols = Strongly leached, red and yellow soils of wet (sub-)tropical regions on acid parent rock, with a clay accumulation horizon, low cation exchange capacity and low base saturation. Having the following organic carbon contents in the fine earth fraction as a weighted average in Ferralsols and Nitisols, 1.4 percent or more to a depth of 100 cm from the mineral soil surface; in Leptosols, 2 percent or more to a depth of 25 cm from the mineral soil surface; in other soils, 1 percent or more to a depth of 50 cm from the mineral soil surface.",253,141,60,Humic_Acrisol.jpg,Profielenfolder.jpg,4,"4,253,141,60,255,Haplic Acrisols (Humic)"
5,Plinthic Acrisols,Plinthic.Acrisols,Acrisols,156,"The plinthic horizon (from Gr. plinthos, brick) is a subsurface horizon which constitutes an iron-rich, humus-poor mixture of kaolinitic clay with quartz and other constituents, and which changes irreversibly to a hardpan or to irregular aggregates on exposure to repeated wetting and drying with free access of oxygen.","Acrisols = Strongly leached, red and yellow soils of wet (sub-)tropical regions on acid parent rock, with a clay accumulation horizon, low cation exchange capacity and low base saturation. The plinthic horizon (from Gr. plinthos, brick) is a subsurface horizon which constitutes an iron-rich, humus-poor mixture of kaolinitic clay with quartz and other constituents, and which changes irreversibly to a hardpan or to irregular aggregates on exposure to repeated wetting and drying with free access of oxygen.",236,104,1,Plinthic_Acrisol.jpg,Profielenfolder.jpg,5,"5,236,104,1,255,Plinthic Acrisols"
6,Vitric Acrisols,Vitric.Acrisols,Acrisols,16,"Vitric properties (from Latin vitrum, glass) apply to layers with volcanic glass and other primary minerals derived from volcanic ejecta and which contain a limited amount of short-range-order minerals.","Acrisols = Strongly leached, red and yellow soils of wet (sub-)tropical regions on acid parent rock, with a clay accumulation horizon, low cation exchange capacity and low base saturation. Vitric properties (from Latin vitrum, glass) apply to layers with volcanic glass and other primary minerals derived from volcanic ejecta and which contain a limited amount of short-range-order minerals.",230,106,3,,,6,"6,230,106,3,255,Vitric Acrisols"
7,Haplic Albeluvisols,Haplic.Albeluvisols,Albeluvisols,322,,Albeluvisols = Base-poor soils of humid temperate regions with a bleached eluviation horizon tonguing into a clay-enriched subsurface horizon. ,240,200,92,Albeluvisol.jpg,Soil taxonomy folder (massive storage),7,"7,240,200,92,255,Haplic Albeluvisols"
8,Histic Albeluvisols,Histic.Albeluvisols,Albeluvisols,13,"The histic horizon (from Greek histos, tissue) is a surface horizon, or a subsurface horizon occurring at shallow depth, that consists of poorly aerated organic material.","Albeluvisols = Base-poor soils of humid temperate regions with a bleached eluviation horizon tonguing into a clay-enriched subsurface horizon. The histic horizon (from Greek histos, tissue) is a surface horizon, or a subsurface horizon occurring at shallow depth, that consists of poorly aerated organic material.",255,211,114,Albeluvisol.jpg,Soil taxonomy folder (massive storage),8,"8,255,211,114,255,Histic Albeluvisols"
9,Umbric Albeluvisols,Umbric.Albeluvisols,Albeluvisols,97,"The umbric horizon (from Latin umbra, shade) is a thick, dark-coloured, base-depleted surface horizon rich in organic matter.","Albeluvisols = Base-poor soils of humid temperate regions with a bleached eluviation horizon tonguing into a clay-enriched subsurface horizon. The umbric horizon (from Latin umbra, shade) is a thick, dark-coloured, base-depleted surface horizon rich in organic matter.",255,209,112,Albeluvisol.jpg,Soil taxonomy folder (massive storage),9,"9,255,209,112,255,Umbric Albeluvisols"
10,Cutanic Alisols,Cutanic.Alisols,Alisols,34,Having clay coatings in some parts of an argic horizon either starting within 100 cm of the soil surface or within 200 cm of the soil surface if the argic horizon is overlain by loamy sand or coarser textures throughout.,Alisols = Soils of wet (sub-)tropical regions with high cation exchange capacity and much exchangeable aluminium. Having clay coatings in some parts of an argic horizon either starting within 100 cm of the soil surface or within 200 cm of the soil surface if the argic horizon is overlain by loamy sand or coarser textures throughout.,228,219,191,Alisol_Cn22p.jpg,Soil taxonomy folder (massive storage),10,"10,228,219,191,255,Cutanic Alisols"
11,Haplic Alisols,Haplic.Alisols,Alisols,836,,Alisols = Soils of wet (sub-)tropical regions with high cation exchange capacity and much exchangeable aluminium. ,245,235,204,Alisol_Cn22p.jpg,Soil taxonomy folder (massive storage),11,"11,245,235,204,255,Haplic Alisols"
12,Aluandic Andosols,Aluandic.Andosols,Andosols,346,"Having one or more layers, cumulatively 30 m or more thick, with andic properties.","Andosols = Soil developed from volcanic material, are young immature soils, characteristics depend on type of volcanic material. Having one or more layers, cumulatively 30 m or more thick, with andic properties.",252,107,93,Humic_Andosol.jpg,Profielenfolder.jpg,12,"12,252,107,93,255,Aluandic Andosols"
13,Haplic Andosols,Haplic.Andosols,Andosols,69,,"Andosols = Soil developed from volcanic material, are young immature soils, characteristics depend on type of volcanic material. ",245,231,202,Humic_Andosol.jpg,Profielenfolder.jpg,13,"13,245,231,202,255,Haplic Andosols"
14,Vitric Andosols,Vitric.Andosols,Andosols,172,"Vitric properties (from Latin vitrum, glass) apply to layers with volcanic glass and other primary minerals derived from volcanic ejecta and which contain a limited amount of short-range-order minerals.","Andosols = Soil developed from volcanic material, are young immature soils, characteristics depend on type of volcanic material. Vitric properties (from Latin vitrum, glass) apply to layers with volcanic glass and other primary minerals derived from volcanic ejecta and which contain a limited amount of short-range-order minerals.",252,85,70,Vitric_Andosol.jpg,Profielenfolder.jpg,14,"14,252,85,70,255,Vitric Andosols"
15,Albic Arenosols,Albic.Arenosols,Arenosols,56,Having an albic horizon (a light-coloured subsurface horizon from which clay and free iron oxides have been removed) starting within 100 cm of the soil surface.,"Arenosols = Sandy soils of desert areas, beach ridges, inland dunes, areas with highly weathered sandstone, etc. showing little or no profile development. Having an albic horizon (a light-coloured subsurface horizon from which clay and free iron oxides have been removed) starting within 100 cm of the soil surface.",255,232,190,,Profielenfolder.jpg,15,"15,255,232,190,255,Albic Arenosols"
16,Ferralic Arenosols,Ferralic.Arenosols,Arenosols,924,"Having a ferralic horizon starting within 200 cm of the soil surface (in Anthrosols only), or ferralic properties in at least some layer starting within 100 cm of the soil surface (in other soils)","Arenosols = Sandy soils of desert areas, beach ridges, inland dunes, areas with highly weathered sandstone, etc. showing little or no profile development. Having a ferralic horizon starting within 200 cm of the soil surface (in Anthrosols only), or ferralic properties in at least some layer starting within 100 cm of the soil surface (in other soils)",254,231,192,Ferralic_Arenosol.jpg,Profielenfolder.jpg,16,"16,254,231,192,255,Ferralic Arenosols"
17,Haplic Arenosols,Haplic.Arenosols,Arenosols,950,,"Arenosols = Sandy soils of desert areas, beach ridges, inland dunes, areas with highly weathered sandstone, etc. showing little or no profile development. ",254,227,192,Cambic_Arenosol.jpg,Profielenfolder.jpg,17,"17,254,227,192,255,Haplic Arenosols"
18,Haplic Arenosols (Calcaric),Haplic.Arenosols..Calcaric.,Arenosols,99,"Having calcaric material between 20 and 50 cm from the soil surface or between 20 cm and continuous rock or a cemented or indurated layer, whichever is shallower.","Arenosols = Sandy soils of desert areas, beach ridges, inland dunes, areas with highly weathered sandstone, etc. showing little or no profile development. Having calcaric material between 20 and 50 cm from the soil surface or between 20 cm and continuous rock or a cemented or indurated layer, whichever is shallower.",254,228,177,Cambic_Arenosol.jpg,Profielenfolder.jpg,18,"18,254,228,177,255,Haplic Arenosols (Calcaric)"
19,Hypoluvic Arenosols,Hypoluvic.Arenosols,Arenosols,205,Having an absolute clay increase of 3 percent or more within 100 cm of the soil surface (in Arenosols only).,"Arenosols = Sandy soils of desert areas, beach ridges, inland dunes, areas with highly weathered sandstone, etc. showing little or no profile development. Having an absolute clay increase of 3 percent or more within 100 cm of the soil surface (in Arenosols only).",254,238,192,Luvic_Arenosol.jpg,Profielenfolder.jpg,19,"19,254,238,192,255,Hypoluvic Arenosols"
20,Protic Arenosols,Protic.Arenosols,Arenosols,323,Showing no soil horizon development (in Arenosols only).,"Arenosols = Sandy soils of desert areas, beach ridges, inland dunes, areas with highly weathered sandstone, etc. showing little or no profile development. Showing no soil horizon development (in Arenosols only).",254,243,192,Cambic_Arenosol.jpg,Profielenfolder.jpg,20,"20,254,243,192,255,Protic Arenosols"
21,Haplic Calcisols,Haplic.Calcisols,Calcisols,1749,,Calcisols = Soils of (semi-)arid regions with enrichment of secondary carbonates. ,255,239,81,Calcisol.jpg,Soil taxonomy folder (massive storage),21,"21,255,239,81,255,Haplic Calcisols"
22,Haplic Calcisols (Sodic),Haplic.Calcisols..Sodic.,Calcisols,117,Having 15 percent or more exchangeable Na plus Mg on the exchange complex within 50 cm of the soil surface throughout.,Calcisols = Soils of (semi-)arid regions with enrichment of secondary carbonates. Having 15 percent or more exchangeable Na plus Mg on the exchange complex within 50 cm of the soil surface throughout.,248,231,41,Calcisol.jpg,Soil taxonomy folder (massive storage),22,"22,248,231,41,255,Haplic Calcisols (Sodic)"
23,Luvic Calcisols,Luvic.Calcisols,Calcisols,324,"Having an argic horizon that has a CEC of 24 cmolc kg-1 clay or more throughout or to a depth of 50 cm below its upper limit, whichever is shallower, either starting within 100 cm of the soil surface or within 200 cm of the soil surface if the argic horizon is overlain by loamy sand or coarser textures throughout, and a base saturation (by 1 M NH4OAc) of 50 percent or more in the major part between 50 and 100 cm from the soil surface.","Calcisols = Soils of (semi-)arid regions with enrichment of secondary carbonates. Having an argic horizon that has a CEC of 24 cmolc kg-1 clay or more throughout or to a depth of 50 cm below its upper limit, whichever is shallower, either starting within 100 cm of the soil surface or within 200 cm of the soil surface if the argic horizon is overlain by loamy sand or coarser textures throughout, and a base saturation (by 1 M NH4OAc) of 50 percent or more in the major part between 50 and 100 cm from the soil surface.",255,252,43,Calcisol.jpg,Soil taxonomy folder (massive storage),23,"23,255,252,43,255,Luvic Calcisols"
24,Petric Calcisols,Petric.Calcisols,Calcisols,682,Having a strongly cemented or indurated layer starting within 100 cm of the soil surface.,Calcisols = Soils of (semi-)arid regions with enrichment of secondary carbonates. Having a strongly cemented or indurated layer starting within 100 cm of the soil surface.,255,238,43,Calcisol.jpg,Soil taxonomy folder (massive storage),24,"24,255,238,43,255,Petric Calcisols"
25,Endogleyic Cambisols,Endogleyic.Cambisols,Cambisols,250,Having between 50 and 100 cm from the mineral soil surface in some parts reducing conditions and in 25 percent or more of the soil volume a gleyic colour pattern.,"Cambisols = Soils that show ""signs of beginning soil formation"", i.e. that are only moderately developed on account of their limited pedogenetic age or because of rejuvenation of the soil material. Moderately developed soils occur in all environments, from sea level to the highlands, from the equator to the boreal regions, and under all kinds of vegetation. Having between 50 and 100 cm from the mineral soil surface in some parts reducing conditions and in 25 percent or more of the soil volume a gleyic colour pattern.",253,206,112,Gleyic_Cambisol.jpg,Profielenfolder.jpg,25,"25,253,206,112,255,Endogleyic Cambisols"
26,Ferralic Cambisols,Ferralic.Cambisols,Cambisols,311,"Having a ferralic horizon starting within 200 cm of the soil surface (in Anthrosols only), or ferralic properties in at least some layer starting within 100 cm of the soil surface (in other soils)","Cambisols = Soils that show ""signs of beginning soil formation"", i.e. that are only moderately developed on account of their limited pedogenetic age or because of rejuvenation of the soil material. Moderately developed soils occur in all environments, from sea level to the highlands, from the equator to the boreal regions, and under all kinds of vegetation. Having a ferralic horizon starting within 200 cm of the soil surface (in Anthrosols only), or ferralic properties in at least some layer starting within 100 cm of the soil surface (in other soils)",237,198,105,Ferralic_Cambisol.jpg,Profielenfolder.jpg,26,"26,237,198,105,255,Ferralic Cambisols"
27,Haplic Cambisols,Haplic.Cambisols,Cambisols,5720,,"Cambisols = Soils that show ""signs of beginning soil formation"", i.e. that are only moderately developed on account of their limited pedogenetic age or because of rejuvenation of the soil material. Moderately developed soils occur in all environments, from sea level to the highlands, from the equator to the boreal regions, and under all kinds of vegetation. ",253,226,96,Eutric_Cambisol.jpg,Profielenfolder.jpg,27,"27,253,226,96,255,Haplic Cambisols"
28,Haplic Cambisols (Calcaric),Haplic.Cambisols..Calcaric.,Cambisols,1183,"Having calcaric material between 20 and 50 cm from the soil surface or between 20 cm and continuous rock or a cemented or indurated layer, whichever is shallower.","Cambisols = Soils that show ""signs of beginning soil formation"", i.e. that are only moderately developed on account of their limited pedogenetic age or because of rejuvenation of the soil material. Moderately developed soils occur in all environments, from sea level to the highlands, from the equator to the boreal regions, and under all kinds of vegetation. Having calcaric material between 20 and 50 cm from the soil surface or between 20 cm and continuous rock or a cemented or indurated layer, whichever is shallower.",253,231,112,Calcic_Cambisol.jpg,Profielenfolder.jpg,28,"28,253,231,112,255,Haplic Cambisols (Calcaric)"
29,Haplic Cambisols (Chromic),Haplic.Cambisols..Chromic.,Cambisols,247,"Having within 150 cm of the soil surface a subsurface layer, 30 cm or more thick, that has a Munsell hue redder than 7.5 YR or that has both, a hue of 7.5 YR and a chroma, moist, of more than 4.","Cambisols = Soils that show ""signs of beginning soil formation"", i.e. that are only moderately developed on account of their limited pedogenetic age or because of rejuvenation of the soil material. Moderately developed soils occur in all environments, from sea level to the highlands, from the equator to the boreal regions, and under all kinds of vegetation. Having within 150 cm of the soil surface a subsurface layer, 30 cm or more thick, that has a Munsell hue redder than 7.5 YR or that has both, a hue of 7.5 YR and a chroma, moist, of more than 4.",253,247,112,Chromic_Cambisol.jpg,Profielenfolder.jpg,29,"29,253,247,112,255,Haplic Cambisols (Chromic)"
30,Haplic Cambisols (Dystric),Haplic.Cambisols..Dystric.,Cambisols,1362,"Having a base saturation (by 1 M NH4OAc) of less than 50 percent in the major part between 20 and 100 cm from the soil surface or between 20 cm and continuous rock or a cemented or indurated layer, or, in Leptosols, in a layer, 5 cm or more thick, directly above continuous rock.","Cambisols = Soils that show ""signs of beginning soil formation"", i.e. that are only moderately developed on account of their limited pedogenetic age or because of rejuvenation of the soil material. Moderately developed soils occur in all environments, from sea level to the highlands, from the equator to the boreal regions, and under all kinds of vegetation. Having a base saturation (by 1 M NH4OAc) of less than 50 percent in the major part between 20 and 100 cm from the soil surface or between 20 cm and continuous rock or a cemented or indurated layer, or, in Leptosols, in a layer, 5 cm or more thick, directly above continuous rock.",246,206,75,Dystric_Cambisol.jpg,Profielenfolder.jpg,30,"30,246,206,75,255,Haplic Cambisols (Dystric)"
31,Haplic Cambisols (Eutric),Haplic.Cambisols..Eutric.,Cambisols,866,"Having a base saturation (by 1 M NH4OAc) of 50 percent or more in the major part between 20 and 100 cm from the soil surface or between 20 cm and continuous rock or a cemented or indurated layer, or, in Leptosols, in a layer, 5 cm or more thick, directly above continuous rock.","Cambisols = Soils that show ""signs of beginning soil formation"", i.e. that are only moderately developed on account of their limited pedogenetic age or because of rejuvenation of the soil material. Moderately developed soils occur in all environments, from sea level to the highlands, from the equator to the boreal regions, and under all kinds of vegetation. Having a base saturation (by 1 M NH4OAc) of 50 percent or more in the major part between 20 and 100 cm from the soil surface or between 20 cm and continuous rock or a cemented or indurated layer, or, in Leptosols, in a layer, 5 cm or more thick, directly above continuous rock.",253,225,112,Eutric_Cambisol.jpg,Profielenfolder.jpg,31,"31,253,225,112,255,Haplic Cambisols (Eutric)"
32,Haplic Cambisols (Humic),Haplic.Cambisols..Humic.,Cambisols,281,"Having the following organic carbon contents in the fine earth fraction as a weighted average in Ferralsols and Nitisols, 1.4 percent or more to a depth of 100 cm from the mineral soil surface; in Leptosols, 2 percent or more to a depth of 25 cm from the mineral soil surface; in other soils, 1 percent or more to a depth of 50 cm from the mineral soil surface.","Cambisols = Soils that show ""signs of beginning soil formation"", i.e. that are only moderately developed on account of their limited pedogenetic age or because of rejuvenation of the soil material. Moderately developed soils occur in all environments, from sea level to the highlands, from the equator to the boreal regions, and under all kinds of vegetation. Having the following organic carbon contents in the fine earth fraction as a weighted average in Ferralsols and Nitisols, 1.4 percent or more to a depth of 100 cm from the mineral soil surface; in Leptosols, 2 percent or more to a depth of 25 cm from the mineral soil surface; in other soils, 1 percent or more to a depth of 50 cm from the mineral soil surface.",253,224,95,Humic_Cambisol.jpg,Profielenfolder.jpg,32,"32,253,224,95,255,Haplic Cambisols (Humic)"
33,Haplic Cambisols (Sodic),Haplic.Cambisols..Sodic.,Cambisols,121,Having 15 percent or more exchangeable Na plus Mg on the exchange complex within 50 cm of the soil surface throughout.,"Cambisols = Soils that show ""signs of beginning soil formation"", i.e. that are only moderately developed on account of their limited pedogenetic age or because of rejuvenation of the soil material. Moderately developed soils occur in all environments, from sea level to the highlands, from the equator to the boreal regions, and under all kinds of vegetation. Having 15 percent or more exchangeable Na plus Mg on the exchange complex within 50 cm of the soil surface throughout.",253,235,112,Eutric_Cambisol.jpg,Profielenfolder.jpg,33,"33,253,235,112,255,Haplic Cambisols (Sodic)"
34,Leptic Cambisols,Leptic.Cambisols,Cambisols,199,Having continuous rock starting within 100 cm of the soil surface.,"Cambisols = Soils that show ""signs of beginning soil formation"", i.e. that are only moderately developed on account of their limited pedogenetic age or because of rejuvenation of the soil material. Moderately developed soils occur in all environments, from sea level to the highlands, from the equator to the boreal regions, and under all kinds of vegetation. Having continuous rock starting within 100 cm of the soil surface.",253,225,112,Eutric_Cambisol.jpg,Profielenfolder.jpg,34,"34,253,225,112,255,Leptic Cambisols"
35,Vertic Cambisols,Vertic.Cambisols,Cambisols,246,"The vertic horizon (from Latin vertere, to turn) is a clayey subsurface horizon that, as a result of shrinking and swelling, has slickensides and wedge-shaped structural aggregates.","Cambisols = Soils that show ""signs of beginning soil formation"", i.e. that are only moderately developed on account of their limited pedogenetic age or because of rejuvenation of the soil material. Moderately developed soils occur in all environments, from sea level to the highlands, from the equator to the boreal regions, and under all kinds of vegetation. The vertic horizon (from Latin vertere, to turn) is a clayey subsurface horizon that, as a result of shrinking and swelling, has slickensides and wedge-shaped structural aggregates.",253,223,112,Vertic_Cambisol.jpg,Profielenfolder.jpg,35,"35,253,223,112,255,Vertic Cambisols"
36,Calcic Chernozems,Calcic.Chernozems,Chernozems,358,"The calcic horizon (from Latin calx, lime) is a horizon in which secondary calcium carbonate (CaCO3) has accumulated in a diffuse form (calcium carbonate present only in the form of fine particles of less than 1 mm, dispersed in the matrix) or as discontinuous concentrations (pseudomycelia, cutans, soft and hard nodules, or veins). The accumulation may be in the parent material or in subsurface horizons, but it can also occur in surface horizons. If the accumulation of soft carbonates becomes such that all or most of the pedological and/or lithological structures disappear and continuous concentrations of calcium carbonate prevail, a hypercalcic qualifier is used.","Chernozems = Soils with deep, very dark surface soils and carbonate enrichment in the subsoil that occur in the steppe zone between the dry climates and the humid Temperate Zone. This transition zone has a climax vegetation of ephemeral grasses and dry
forest. The calcic horizon (from Latin calx, lime) is a horizon in which secondary calcium carbonate (CaCO3) has accumulated in a diffuse form (calcium carbonate present only in the form of fine particles of less than 1 mm, dispersed in the matrix) or as discontinuous concentrations (pseudomycelia, cutans, soft and hard nodules, or veins). The accumulation may be in the parent material or in subsurface horizons, but it can also occur in surface horizons. If the accumulation of soft carbonates becomes such that all or most of the pedological and/or lithological structures disappear and continuous concentrations of calcium carbonate prevail, a hypercalcic qualifier is used.",229,199,93,Calcic_Chernozem.jpg,Profielenfolder.jpg,36,"36,229,199,93,255,Calcic Chernozems"
37,Haplic Chernozems,Haplic.Chernozems,Chernozems,1396,,"Chernozems = Soils with deep, very dark surface soils and carbonate enrichment in the subsoil that occur in the steppe zone between the dry climates and the humid Temperate Zone. This transition zone has a climax vegetation of ephemeral grasses and dry
forest. ",229,209,92,Haplic_Chernozem.jpg,Profielenfolder.jpg,37,"37,229,209,92,255,Haplic Chernozems"
38,Luvic Chernozems,Luvic.Chernozems,Chernozems,377,"Having an argic horizon that has a CEC of 24 cmolc kg-1 clay or more throughout or to a depth of 50 cm below its upper limit, whichever is shallower, either starting within 100 cm of the soil surface or within 200 cm of the soil surface if the argic horizon is overlain by loamy sand or coarser textures throughout, and a base saturation (by 1 M NH4OAc) of 50 percent or more in the major part between 50 and 100 cm from the soil surface.","Chernozems = Soils with deep, very dark surface soils and carbonate enrichment in the subsoil that occur in the steppe zone between the dry climates and the humid Temperate Zone. This transition zone has a climax vegetation of ephemeral grasses and dry
forest. Having an argic horizon that has a CEC of 24 cmolc kg-1 clay or more throughout or to a depth of 50 cm below its upper limit, whichever is shallower, either starting within 100 cm of the soil surface or within 200 cm of the soil surface if the argic horizon is overlain by loamy sand or coarser textures throughout, and a base saturation (by 1 M NH4OAc) of 50 percent or more in the major part between 50 and 100 cm from the soil surface.",229,216,92,Luvic_Chernozem.jpg,Profielenfolder.jpg,38,"38,229,216,92,255,Luvic Chernozems"
39,Haplic Cryosols,Haplic.Cryosols,Cryosols,1657,,"Cryosols = Soils of permafrost regions. These soils show signs of ‘cryoturbation’ (i.e. disturbance by freeze-thaw sequences and ice segregation) such as irregular or broken soil horizons and organic matter in the subsurface soil, often concentrated along the top of the permafrost table. ",146,125,158,Cryosol.jpg,Soil taxonomy folder (massive storage),39,"39,146,125,158,255,Haplic Cryosols"
40,Turbic Cryosols,Turbic.Cryosols,Cryosols,183,"Having cryoturbation features (mixed material, disrupted soil horizons, involutions, organic intrusions, frost heave, separation of coarse from fine materials, cracks or patterened ground) at the soil surface or above a cryic horizon and within 100 cm of the soil surface.","Cryosols = Soils of permafrost regions. These soils show signs of ‘cryoturbation’ (i.e. disturbance by freeze-thaw sequences and ice segregation) such as irregular or broken soil horizons and organic matter in the subsurface soil, often concentrated along the top of the permafrost table. Having cryoturbation features (mixed material, disrupted soil horizons, involutions, organic intrusions, frost heave, separation of coarse from fine materials, cracks or patterened ground) at the soil surface or above a cryic horizon and within 100 cm of the soil surface.",122,124,136,,,40,"40,122,124,136,255,Turbic Cryosols"
41,Vitric Cryosols,Vitric.Cryosols,Cryosols,13,"Vitric properties (from Latin vitrum, glass) apply to layers with volcanic glass and other primary minerals derived from volcanic ejecta and which contain a limited amount of short-range-order minerals.","Cryosols = Soils of permafrost regions. These soils show signs of ‘cryoturbation’ (i.e. disturbance by freeze-thaw sequences and ice segregation) such as irregular or broken soil horizons and organic matter in the subsurface soil, often concentrated along the top of the permafrost table. Vitric properties (from Latin vitrum, glass) apply to layers with volcanic glass and other primary minerals derived from volcanic ejecta and which contain a limited amount of short-range-order minerals.",158,140,125,Cryosol.jpg,Soil taxonomy folder (massive storage),41,"41,158,140,125,255,Vitric Cryosols"
42,Petric Durisols,Petric.Durisols,Durisols,39,Having a strongly cemented or indurated layer starting within 100 cm of the soil surface.,Durisols = Soils of (semi-)arid regions with a layer or nodules of soil material that is cemented by silica. Having a strongly cemented or indurated layer starting within 100 cm of the soil surface.,250,235,198,Durisol.jpg,Soil taxonomy folder (massive storage),42,"42,250,235,198,255,Petric Durisols"
43,Acric Ferralsols,Acric.Ferralsols,Ferralsols,376,"Having an argic horizon that has a CEC (by 1 M NH4OAc) of less than 24 cmolc kg-1 clay in some part to a maximum depth of 50 cm below its upper limit, either starting within 100 cm of the soil surface or within 200 cm of the soil surface if the argic horizon is overlain by loamy sand or coarser textures throughout, and a base saturation (by 1 M NH4OAc) of less than 50 percent in the major part between 50 and 100 cm from the soil surface.","Ferralsols = Soils of wet (sub-)tropical regions that have a very low cation exchange capacity and are virtually devoid of weatherable minerals. Having an argic horizon that has a CEC (by 1 M NH4OAc) of less than 24 cmolc kg-1 clay in some part to a maximum depth of 50 cm below its upper limit, either starting within 100 cm of the soil surface or within 200 cm of the soil surface if the argic horizon is overlain by loamy sand or coarser textures throughout, and a base saturation (by 1 M NH4OAc) of less than 50 percent in the major part between 50 and 100 cm from the soil surface.",252,137,77,Acric_Ferralsol.jpg,Profielenfolder.jpg,43,"43,252,137,77,255,Acric Ferralsols"
44,Haplic Ferralsols,Haplic.Ferralsols,Ferralsols,1904,,Ferralsols = Soils of wet (sub-)tropical regions that have a very low cation exchange capacity and are virtually devoid of weatherable minerals. ,252,156,77,Acric_Ferralsol.jpg,Profielenfolder.jpg,44,"44,252,156,77,255,Haplic Ferralsols"
45,Haplic Ferralsols (Rhodic),Haplic.Ferralsols..Rhodic.,Ferralsols,125,"Having within 150 cm of the soil surface a subsurface layer, 30 cm or more thick, with a Munsell hue redder than 5 YR (3.5 YR or redder), a value, moist, of less than 3.5 and a value, dry, no more than one unit higher than the moist value.","Ferralsols = Soils of wet (sub-)tropical regions that have a very low cation exchange capacity and are virtually devoid of weatherable minerals. Having within 150 cm of the soil surface a subsurface layer, 30 cm or more thick, with a Munsell hue redder than 5 YR (3.5 YR or redder), a value, moist, of less than 3.5 and a value, dry, no more than one unit higher than the moist value.",227,105,64,Rhodic_Ferralsol.jpg,Profielenfolder.jpg,45,"45,227,105,64,255,Haplic Ferralsols (Rhodic)"
46,Haplic Ferralsols (Xanthic),Haplic.Ferralsols..Xanthic.,Ferralsols,148,"Having a ferralic horizon that has in a subhorizon, 30 cm or more thick within 150 cm of the soil surface, a Munsell hue of 7.5 YR or yellower and a value, moist, of 4 or more and a chroma, moist, of 5 or more.","Ferralsols = Soils of wet (sub-)tropical regions that have a very low cation exchange capacity and are virtually devoid of weatherable minerals. Having a ferralic horizon that has in a subhorizon, 30 cm or more thick within 150 cm of the soil surface, a Munsell hue of 7.5 YR or yellower and a value, moist, of 4 or more and a chroma, moist, of 5 or more.",252,147,77,Xanthic_Ferralsol.jpg,Profielenfolder.jpg,46,"46,252,147,77,255,Haplic Ferralsols (Xanthic)"
47,Umbric Ferralsols,Umbric.Ferralsols,Ferralsols,200,"The umbric horizon (from Latin umbra, shade) is a thick, dark-coloured, base-depleted surface horizon rich in organic matter.","Ferralsols = Soils of wet (sub-)tropical regions that have a very low cation exchange capacity and are virtually devoid of weatherable minerals. The umbric horizon (from Latin umbra, shade) is a thick, dark-coloured, base-depleted surface horizon rich in organic matter.",245,150,65,Acric_Ferralsol.jpg,Profielenfolder.jpg,47,"47,245,150,65,255,Umbric Ferralsols"
48,Haplic Fluvisols,Haplic.Fluvisols,Fluvisols,1801,,"Fluvisols = Young alluvial soils mainly found along rivers or other low terrain positions, which show stratification or other evidence of recent sedimentation. ",16,169,233,Eutric_Fluvisol.jpg,Profielenfolder.jpg,48,"48,16,169,233,255,Haplic Fluvisols"
49,Haplic Fluvisols (Arenic),Haplic.Fluvisols..Arenic.,Fluvisols,163,"Having a texture of loamy fine sand or coarser in a layer, 30 cm or more thick, within 100 cm of the soil surface.","Fluvisols = Young alluvial soils mainly found along rivers or other low terrain positions, which show stratification or other evidence of recent sedimentation. Having a texture of loamy fine sand or coarser in a layer, 30 cm or more thick, within 100 cm of the soil surface.",15,201,233,Eutric_Fluvisol.jpg,Profielenfolder.jpg,49,"49,15,201,233,255,Haplic Fluvisols (Arenic)"
50,Haplic Fluvisols (Calcaric),Haplic.Fluvisols..Calcaric.,Fluvisols,699,"Having calcaric material between 20 and 50 cm from the soil surface or between 20 cm and continuous rock or a cemented or indurated layer, whichever is shallower.","Fluvisols = Young alluvial soils mainly found along rivers or other low terrain positions, which show stratification or other evidence of recent sedimentation. Having calcaric material between 20 and 50 cm from the soil surface or between 20 cm and continuous rock or a cemented or indurated layer, whichever is shallower.",15,139,233,Calcaric_Fluvisol.jpg,Profielenfolder.jpg,50,"50,15,139,233,255,Haplic Fluvisols (Calcaric)"
51,Haplic Fluvisols (Dystric),Haplic.Fluvisols..Dystric.,Fluvisols,109,"Having a base saturation (by 1 M NH4OAc) of less than 50 percent in the major part between 20 and 100 cm from the soil surface or between 20 cm and continuous rock or a cemented or indurated layer, or, in Leptosols, in a layer, 5 cm or more thick, directly above continuous rock.","Fluvisols = Young alluvial soils mainly found along rivers or other low terrain positions, which show stratification or other evidence of recent sedimentation. Having a base saturation (by 1 M NH4OAc) of less than 50 percent in the major part between 20 and 100 cm from the soil surface or between 20 cm and continuous rock or a cemented or indurated layer, or, in Leptosols, in a layer, 5 cm or more thick, directly above continuous rock.",15,73,233,Dystric_Fluvisol.jpg,Profielenfolder.jpg,51,"51,15,73,233,255,Haplic Fluvisols (Dystric)"
52,Haplic Fluvisols (Eutric),Haplic.Fluvisols..Eutric.,Fluvisols,476,"Having a base saturation (by 1 M NH4OAc) of 50 percent or more in the major part between 20 and 100 cm from the soil surface or between 20 cm and continuous rock or a cemented or indurated layer, or, in Leptosols, in a layer, 5 cm or more thick, directly above continuous rock.","Fluvisols = Young alluvial soils mainly found along rivers or other low terrain positions, which show stratification or other evidence of recent sedimentation. Having a base saturation (by 1 M NH4OAc) of 50 percent or more in the major part between 20 and 100 cm from the soil surface or between 20 cm and continuous rock or a cemented or indurated layer, or, in Leptosols, in a layer, 5 cm or more thick, directly above continuous rock.",15,142,233,Eutric_Fluvisol.jpg,Profielenfolder.jpg,52,"52,15,142,233,255,Haplic Fluvisols (Eutric)"
53,Calcic Gleysols,Calcic.Gleysols,Gleysols,523,"The calcic horizon (from Latin calx, lime) is a horizon in which secondary calcium carbonate (CaCO3) has accumulated in a diffuse form (calcium carbonate present only in the form of fine particles of less than 1 mm, dispersed in the matrix) or as discontinuous concentrations (pseudomycelia, cutans, soft and hard nodules, or veins). The accumulation may be in the parent material or in subsurface horizons, but it can also occur in surface horizons. If the accumulation of soft carbonates becomes such that all or most of the pedological and/or lithological structures disappear and continuous concentrations of calcium carbonate prevail, a hypercalcic qualifier is used.","Gleysols = Non-stratified soils in waterlogged areas that do not receive regular additions of sediment. Usually found in low terrain positions. The calcic horizon (from Latin calx, lime) is a horizon in which secondary calcium carbonate (CaCO3) has accumulated in a diffuse form (calcium carbonate present only in the form of fine particles of less than 1 mm, dispersed in the matrix) or as discontinuous concentrations (pseudomycelia, cutans, soft and hard nodules, or veins). The accumulation may be in the parent material or in subsurface horizons, but it can also occur in surface horizons. If the accumulation of soft carbonates becomes such that all or most of the pedological and/or lithological structures disappear and continuous concentrations of calcium carbonate prevail, a hypercalcic qualifier is used.",171,154,191,Calcaric_Gleysol.jpg,Profielenfolder.jpg,53,"53,171,154,191,255,Calcic Gleysols"
54,Haplic Gleysols,Haplic.Gleysols,Gleysols,1096,,Gleysols = Non-stratified soils in waterlogged areas that do not receive regular additions of sediment. Usually found in low terrain positions. ,160,135,191,Eutric_Gleysol.jpg,Profielenfolder.jpg,54,"54,160,135,191,255,Haplic Gleysols"
55,Haplic Gleysols (Dystric),Haplic.Gleysols..Dystric.,Gleysols,103,"Having a base saturation (by 1 M NH4OAc) of less than 50 percent in the major part between 20 and 100 cm from the soil surface or between 20 cm and continuous rock or a cemented or indurated layer, or, in Leptosols, in a layer, 5 cm or more thick, directly above continuous rock.","Gleysols = Non-stratified soils in waterlogged areas that do not receive regular additions of sediment. Usually found in low terrain positions. Having a base saturation (by 1 M NH4OAc) of less than 50 percent in the major part between 20 and 100 cm from the soil surface or between 20 cm and continuous rock or a cemented or indurated layer, or, in Leptosols, in a layer, 5 cm or more thick, directly above continuous rock.",121,63,191,Dystric_Gleysol.jpg,Profielenfolder.jpg,55,"55,121,63,191,255,Haplic Gleysols (Dystric)"
56,Haplic Gleysols (Eutric),Haplic.Gleysols..Eutric.,Gleysols,313,"Having a base saturation (by 1 M NH4OAc) of 50 percent or more in the major part between 20 and 100 cm from the soil surface or between 20 cm and continuous rock or a cemented or indurated layer, or, in Leptosols, in a layer, 5 cm or more thick, directly above continuous rock.","Gleysols = Non-stratified soils in waterlogged areas that do not receive regular additions of sediment. Usually found in low terrain positions. Having a base saturation (by 1 M NH4OAc) of 50 percent or more in the major part between 20 and 100 cm from the soil surface or between 20 cm and continuous rock or a cemented or indurated layer, or, in Leptosols, in a layer, 5 cm or more thick, directly above continuous rock.",158,131,191,Eutric_Gleysol.jpg,Profielenfolder.jpg,56,"56,158,131,191,255,Haplic Gleysols (Eutric)"
57,Mollic Gleysols,Mollic.Gleysols,Gleysols,588,"The mollic horizon (from Latin mollis, soft) is a well-structured, dark-coloured surface horizon with a high base saturation and a moderate to high content of organic matter.","Gleysols = Non-stratified soils in waterlogged areas that do not receive regular additions of sediment. Usually found in low terrain positions. The mollic horizon (from Latin mollis, soft) is a well-structured, dark-coloured surface horizon with a high base saturation and a moderate to high content of organic matter.",135,89,191,Mollic_Gleysol.jpg,Profielenfolder.jpg,57,"57,135,89,191,255,Mollic Gleysols"
58,Umbric Gleysols,Umbric.Gleysols,Gleysols,630,"The umbric horizon (from Latin umbra, shade) is a thick, dark-coloured, base-depleted surface horizon rich in organic matter.","Gleysols = Non-stratified soils in waterlogged areas that do not receive regular additions of sediment. Usually found in low terrain positions. The umbric horizon (from Latin umbra, shade) is a thick, dark-coloured, base-depleted surface horizon rich in organic matter.",147,111,191,Humic_Gleysol.jpg,Profielenfolder.jpg,58,"58,147,111,191,255,Umbric Gleysols"
59,Calcic Gypsisols,Calcic.Gypsisols,Gypsisols,125,"The calcic horizon (from Latin calx, lime) is a horizon in which secondary calcium carbonate (CaCO3) has accumulated in a diffuse form (calcium carbonate present only in the form of fine particles of less than 1 mm, dispersed in the matrix) or as discontinuous concentrations (pseudomycelia, cutans, soft and hard nodules, or veins). The accumulation may be in the parent material or in subsurface horizons, but it can also occur in surface horizons. If the accumulation of soft carbonates becomes such that all or most of the pedological and/or lithological structures disappear and continuous concentrations of calcium carbonate prevail, a hypercalcic qualifier is used.","Gypsisols = Soils of (semi-)arid regions with a horizon of secondary gypsum enrichment. The calcic horizon (from Latin calx, lime) is a horizon in which secondary calcium carbonate (CaCO3) has accumulated in a diffuse form (calcium carbonate present only in the form of fine particles of less than 1 mm, dispersed in the matrix) or as discontinuous concentrations (pseudomycelia, cutans, soft and hard nodules, or veins). The accumulation may be in the parent material or in subsurface horizons, but it can also occur in surface horizons. If the accumulation of soft carbonates becomes such that all or most of the pedological and/or lithological structures disappear and continuous concentrations of calcium carbonate prevail, a hypercalcic qualifier is used.",255,249,173,Gypsisol.jpg,Soil taxonomy folder (massive storage),59,"59,255,249,173,255,Calcic Gypsisols"
60,Haplic Gypsisols,Haplic.Gypsisols,Gypsisols,568,,Gypsisols = Soils of (semi-)arid regions with a horizon of secondary gypsum enrichment. ,255,245,135,Gypsisol.jpg,Soil taxonomy folder (massive storage),60,"60,255,245,135,255,Haplic Gypsisols"
61,Calcic Histosols,Calcic.Histosols,Histosols,22,"The calcic horizon (from Latin calx, lime) is a horizon in which secondary calcium carbonate (CaCO3) has accumulated in a diffuse form (calcium carbonate present only in the form of fine particles of less than 1 mm, dispersed in the matrix) or as discontinuous concentrations (pseudomycelia, cutans, soft and hard nodules, or veins). The accumulation may be in the parent material or in subsurface horizons, but it can also occur in surface horizons. If the accumulation of soft carbonates becomes such that all or most of the pedological and/or lithological structures disappear and continuous concentrations of calcium carbonate prevail, a hypercalcic qualifier is used.","Histosols = Soils consisting primarily of organic materials. They are defined as having 40 centimetres or more of organic soil material in the upper 80 centimetres. The calcic horizon (from Latin calx, lime) is a horizon in which secondary calcium carbonate (CaCO3) has accumulated in a diffuse form (calcium carbonate present only in the form of fine particles of less than 1 mm, dispersed in the matrix) or as discontinuous concentrations (pseudomycelia, cutans, soft and hard nodules, or veins). The accumulation may be in the parent material or in subsurface horizons, but it can also occur in surface horizons. If the accumulation of soft carbonates becomes such that all or most of the pedological and/or lithological structures disappear and continuous concentrations of calcium carbonate prevail, a hypercalcic qualifier is used.",130,145,184,,,61,"61,130,145,184,255,Calcic Histosols"
62,Cryic Histosols,Cryic.Histosols,Histosols,306,"The cryic horizon (from Greek kryos, cold, ice) is a perennially frozen soil horizon in mineral or organic materials.","Histosols = Soils consisting primarily of organic materials. They are defined as having 40 centimetres or more of organic soil material in the upper 80 centimetres. The cryic horizon (from Greek kryos, cold, ice) is a perennially frozen soil horizon in mineral or organic materials.",138,150,152,Eutric_Histosol.jpg,Profielenfolder.jpg,62,"62,138,150,152,255,Cryic Histosols"
63,Fibric Histosols,Fibric.Histosols,Histosols,379,"Having, after rubbing, two-thirds or more (by volume) of the organic material consisting of recognizable plant tissue within 100 cm of the soil surface (in Histosols only).","Histosols = Soils consisting primarily of organic materials. They are defined as having 40 centimetres or more of organic soil material in the upper 80 centimetres. Having, after rubbing, two-thirds or more (by volume) of the organic material consisting of recognizable plant tissue within 100 cm of the soil surface (in Histosols only).",120,128,146,Eutric_Histosol.jpg,Profielenfolder.jpg,63,"63,120,128,146,255,Fibric Histosols"
64,Hemic Histosols,Hemic.Histosols,Histosols,259,"Having, after rubbing, between two-thirds and one-sixth (by volume) of the organic material consisting of recognizable plant tissue within 100 cm from the soil surface (in Histosols only).","Histosols = Soils consisting primarily of organic materials. They are defined as having 40 centimetres or more of organic soil material in the upper 80 centimetres. Having, after rubbing, between two-thirds and one-sixth (by volume) of the organic material consisting of recognizable plant tissue within 100 cm from the soil surface (in Histosols only).",60,90,106,Eutric_Histosol.jpg,Profielenfolder.jpg,64,"64,60,90,106,255,Hemic Histosols"
65,Sapric Histosols,Sapric.Histosols,Histosols,132,"Having, after rubbing, less than one-sixth (by volume) of the organic material consisting of recognizable plant tissue within 100 cm of the soil surface (in Histosols only).","Histosols = Soils consisting primarily of organic materials. They are defined as having 40 centimetres or more of organic soil material in the upper 80 centimetres. Having, after rubbing, less than one-sixth (by volume) of the organic material consisting of recognizable plant tissue within 100 cm of the soil surface (in Histosols only).",127,128,122,Eutric_Histosol.jpg,Profielenfolder.jpg,65,"65,127,128,122,255,Sapric Histosols"
66,Calcic Kastanozems,Calcic.Kastanozems,Kastanozems,416,"The calcic horizon (from Latin calx, lime) is a horizon in which secondary calcium carbonate (CaCO3) has accumulated in a diffuse form (calcium carbonate present only in the form of fine particles of less than 1 mm, dispersed in the matrix) or as discontinuous concentrations (pseudomycelia, cutans, soft and hard nodules, or veins). The accumulation may be in the parent material or in subsurface horizons, but it can also occur in surface horizons. If the accumulation of soft carbonates becomes such that all or most of the pedological and/or lithological structures disappear and continuous concentrations of calcium carbonate prevail, a hypercalcic qualifier is used.","Kastanozems = Soils occurring in the driest parts of the steppe zone. Compared to Kastanozmes they are less deep, brownish surface soils and have carbonate and/or gypsum accumulation at some depth. The calcic horizon (from Latin calx, lime) is a horizon in which secondary calcium carbonate (CaCO3) has accumulated in a diffuse form (calcium carbonate present only in the form of fine particles of less than 1 mm, dispersed in the matrix) or as discontinuous concentrations (pseudomycelia, cutans, soft and hard nodules, or veins). The accumulation may be in the parent material or in subsurface horizons, but it can also occur in surface horizons. If the accumulation of soft carbonates becomes such that all or most of the pedological and/or lithological structures disappear and continuous concentrations of calcium carbonate prevail, a hypercalcic qualifier is used.",210,161,141,Calcic_Kastanozem.jpg,Profielenfolder.jpg,66,"66,210,161,141,255,Calcic Kastanozems"
67,Haplic Kastanozems,Haplic.Kastanozems,Kastanozems,1722,,"Kastanozems = Soils occurring in the driest parts of the steppe zone. Compared to Kastanozmes they are less deep, brownish surface soils and have carbonate and/or gypsum accumulation at some depth. ",210,135,105,Haplic_Kastanozem.jpg,Profielenfolder.jpg,67,"67,210,135,105,255,Haplic Kastanozems"
68,Haplic Leptosols,Haplic.Leptosols,Leptosols,1099,,Leptosols = Shallow soils in elevated and/or eroding areas over hard rock or highly calcareous material. ,152,143,152,Leptosol.jpg,Soil taxonomy folder (massive storage),68,"68,152,143,152,255,Haplic Leptosols"
69,Haplic Leptosols (Eutric),Haplic.Leptosols..Eutric.,Leptosols,264,"Having a base saturation (by 1 M NH4OAc) of 50 percent or more in the major part between 20 and 100 cm from the soil surface or between 20 cm and continuous rock or a cemented or indurated layer, or, in Leptosols, in a layer, 5 cm or more thick, directly above continuous rock.","Leptosols = Shallow soils in elevated and/or eroding areas over hard rock or highly calcareous material. Having a base saturation (by 1 M NH4OAc) of 50 percent or more in the major part between 20 and 100 cm from the soil surface or between 20 cm and continuous rock or a cemented or indurated layer, or, in Leptosols, in a layer, 5 cm or more thick, directly above continuous rock.",201,201,201,Leptosol.jpg,Soil taxonomy folder (massive storage),69,"69,201,201,201,255,Haplic Leptosols (Eutric)"
70,Lithic Leptosols,Lithic.Leptosols,Leptosols,655,Having continuous rock starting within 10 cm of the soil surface (in Leptosols only).,Leptosols = Shallow soils in elevated and/or eroding areas over hard rock or highly calcareous material. Having continuous rock starting within 10 cm of the soil surface (in Leptosols only).,180,189,182,Leptosol.jpg,Soil taxonomy folder (massive storage),70,"70,180,189,182,255,Lithic Leptosols"
71,Mollic Leptosols,Mollic.Leptosols,Leptosols,162,"The mollic horizon (from Latin mollis, soft) is a well-structured, dark-coloured surface horizon with a high base saturation and a moderate to high content of organic matter.","Leptosols = Shallow soils in elevated and/or eroding areas over hard rock or highly calcareous material. The mollic horizon (from Latin mollis, soft) is a well-structured, dark-coloured surface horizon with a high base saturation and a moderate to high content of organic matter.",144,152,163,Leptosol.jpg,Soil taxonomy folder (massive storage),71,"71,144,152,163,255,Mollic Leptosols"
72,Rendzic Leptosols,Rendzic.Leptosols,Leptosols,706,Having a mollic horizon that contains or immediately overlies calcaric materials containing 40 percent or more calcium carbonate equivalent.,Leptosols = Shallow soils in elevated and/or eroding areas over hard rock or highly calcareous material. Having a mollic horizon that contains or immediately overlies calcaric materials containing 40 percent or more calcium carbonate equivalent.,162,162,162,Leptosol.jpg,Soil taxonomy folder (massive storage),72,"72,162,162,162,255,Rendzic Leptosols"
73,Haplic Lixisols,Haplic.Lixisols,Lixisols,1100,,Lixisols = Soils of wet (sub-)tropical regions with a low cation exchange capacity but high base saturation percentage. ,247,199,202,Lixisol.jpg,Soil taxonomy folder (massive storage),73,"73,247,199,202,255,Haplic Lixisols"
74,Haplic Lixisols (Chromic),Haplic.Lixisols..Chromic.,Lixisols,443,"Having within 150 cm of the soil surface a subsurface layer, 30 cm or more thick, that has a Munsell hue redder than 7.5 YR or that has both, a hue of 7.5 YR and a chroma, moist, of more than 4.","Lixisols = Soils of wet (sub-)tropical regions with a low cation exchange capacity but high base saturation percentage. Having within 150 cm of the soil surface a subsurface layer, 30 cm or more thick, that has a Munsell hue redder than 7.5 YR or that has both, a hue of 7.5 YR and a chroma, moist, of more than 4.",247,181,233,Lixisol.jpg,Soil taxonomy folder (massive storage),74,"74,247,181,233,255,Haplic Lixisols (Chromic)"
75,Haplic Lixisols (Ferric),Haplic.Lixisols..Ferric.,Lixisols,134,"Having a ferric horizon (segregation of Fe, or Fe and Mn with large mottles or discrete nodules) starting from 100 cm of the soil surface.","Lixisols = Soils of wet (sub-)tropical regions with a low cation exchange capacity but high base saturation percentage. Having a ferric horizon (segregation of Fe, or Fe and Mn with large mottles or discrete nodules) starting from 100 cm of the soil surface.",247,149,182,Lixisol.jpg,Soil taxonomy folder (massive storage),75,"75,247,149,182,255,Haplic Lixisols (Ferric)"
76,Albic Luvisols,Albic.Luvisols,Luvisols,1423,Having an albic horizon (a light-coloured subsurface horizon from which clay and free iron oxides have been removed) starting within 100 cm of the soil surface.,"Luvisols = Brownish and greyish, base-rich soils of humid temperate regions with a distinct clay accumulation horizon. Having an albic horizon (a light-coloured subsurface horizon from which clay and free iron oxides have been removed) starting within 100 cm of the soil surface.",248,150,180,,,76,"76,248,150,180,255,Albic Luvisols"
77,Calcic Luvisols,Calcic.Luvisols,Luvisols,372,"The calcic horizon (from Latin calx, lime) is a horizon in which secondary calcium carbonate (CaCO3) has accumulated in a diffuse form (calcium carbonate present only in the form of fine particles of less than 1 mm, dispersed in the matrix) or as discontinuous concentrations (pseudomycelia, cutans, soft and hard nodules, or veins). The accumulation may be in the parent material or in subsurface horizons, but it can also occur in surface horizons. If the accumulation of soft carbonates becomes such that all or most of the pedological and/or lithological structures disappear and continuous concentrations of calcium carbonate prevail, a hypercalcic qualifier is used.","Luvisols = Brownish and greyish, base-rich soils of humid temperate regions with a distinct clay accumulation horizon. The calcic horizon (from Latin calx, lime) is a horizon in which secondary calcium carbonate (CaCO3) has accumulated in a diffuse form (calcium carbonate present only in the form of fine particles of less than 1 mm, dispersed in the matrix) or as discontinuous concentrations (pseudomycelia, cutans, soft and hard nodules, or veins). The accumulation may be in the parent material or in subsurface horizons, but it can also occur in surface horizons. If the accumulation of soft carbonates becomes such that all or most of the pedological and/or lithological structures disappear and continuous concentrations of calcium carbonate prevail, a hypercalcic qualifier is used.",249,168,144,Calcic_Luvisol.jpg,Profielenfolder.jpg,77,"77,249,168,144,255,Calcic Luvisols"
78,Gleyic Luvisols,Gleyic.Luvisols,Luvisols,1714,Having within 100 cm of the mineral soil surface in some parts reducing conditions and in 25 percent or more of the soil volume a gleyic colour pattern.,"Luvisols = Brownish and greyish, base-rich soils of humid temperate regions with a distinct clay accumulation horizon. Having within 100 cm of the mineral soil surface in some parts reducing conditions and in 25 percent or more of the soil volume a gleyic colour pattern.",249,160,145,Gleyic_Luvisol.jpg,Profielenfolder.jpg,78,"78,249,160,145,255,Gleyic Luvisols"
79,Haplic Luvisols,Haplic.Luvisols,Luvisols,2999,,"Luvisols = Brownish and greyish, base-rich soils of humid temperate regions with a distinct clay accumulation horizon. ",249,148,145,Gleyic_Luvisol.jpg,Profielenfolder.jpg,79,"79,249,148,145,255,Haplic Luvisols"
80,Haplic Luvisols (Chromic),Haplic.Luvisols..Chromic.,Luvisols,401,"Having within 150 cm of the soil surface a subsurface layer, 30 cm or more thick, that has a Munsell hue redder than 7.5 YR or that has both, a hue of 7.5 YR and a chroma, moist, of more than 4.","Luvisols = Brownish and greyish, base-rich soils of humid temperate regions with a distinct clay accumulation horizon. Having within 150 cm of the soil surface a subsurface layer, 30 cm or more thick, that has a Munsell hue redder than 7.5 YR or that has both, a hue of 7.5 YR and a chroma, moist, of more than 4.",249,145,155,Chromic_Luvisol.jpg,Profielenfolder.jpg,80,"80,249,145,155,255,Haplic Luvisols (Chromic)"
81,Haplic Luvisols (Ferric),Haplic.Luvisols..Ferric.,Luvisols,100,"The ferric horizon (from Latin ferrum, iron) is one in which segregation of Fe, or Fe and manganese (Mn), has taken place to such an extent that large mottles or discrete nodules have formed and the intermottle/internodular matrix is largely depleted of Fe. Generally, such segregation leads to poor aggregation of the soil particles in Fedepleted zones and compaction of the horizon.","Luvisols = Brownish and greyish, base-rich soils of humid temperate regions with a distinct clay accumulation horizon. The ferric horizon (from Latin ferrum, iron) is one in which segregation of Fe, or Fe and manganese (Mn), has taken place to such an extent that large mottles or discrete nodules have formed and the intermottle/internodular matrix is largely depleted of Fe. Generally, such segregation leads to poor aggregation of the soil particles in Fedepleted zones and compaction of the horizon.",249,156,146,Ferric_Luvisol.jpg,Profielenfolder.jpg,81,"81,249,156,146,255,Haplic Luvisols (Ferric)"
82,Leptic Luvisols,Leptic.Luvisols,Luvisols,229,Having continuous rock starting within 100 cm of the soil surface.,"Luvisols = Brownish and greyish, base-rich soils of humid temperate regions with a distinct clay accumulation horizon. Having continuous rock starting within 100 cm of the soil surface.",249,145,132,Plinthic_Luvisol.jpg,Profielenfolder.jpg,82,"82,249,145,132,255,Leptic Luvisols"
83,Stagnic Luvisols,Stagnic.Luvisols,Luvisols,165,"Having within 100 cm of the mineral soil surface in some parts reducing conditions for some time during the year and in 25 percent or more of the soil volume, single or in combination, a stagnic colour pattern or an albic horizon.","Luvisols = Brownish and greyish, base-rich soils of humid temperate regions with a distinct clay accumulation horizon. Having within 100 cm of the mineral soil surface in some parts reducing conditions for some time during the year and in 25 percent or more of the soil volume, single or in combination, a stagnic colour pattern or an albic horizon.",243,185,146,Ferric_Luvisol.jpg,Profielenfolder.jpg,83,"83,243,185,146,255,Stagnic Luvisols"
84,Vertic Luvisols,Vertic.Luvisols,Luvisols,141,"The vertic horizon (from Latin vertere, to turn) is a clayey subsurface horizon that, as a result of shrinking and swelling, has slickensides and wedge-shaped structural aggregates.","Luvisols = Brownish and greyish, base-rich soils of humid temperate regions with a distinct clay accumulation horizon. The vertic horizon (from Latin vertere, to turn) is a clayey subsurface horizon that, as a result of shrinking and swelling, has slickensides and wedge-shaped structural aggregates.",249,145,146,Vertic_Luvisol.jpg,Profielenfolder.jpg,84,"84,249,145,146,255,Vertic Luvisols"
85,Alic Nitisols,Alic.Nitisols,Nitisols,72,"Having an argic horizon that has a CEC (by 1 M NH4OAc) of 24 cmolc kg-1 clay or more throughout or to a depth of 50 cm below its upper limit, whichever is shallower, 102 World reference base for soil resources 2006 either starting within 100 cm of the soil surface or within 200 cm of the soil surface if the argic horizon is overlain by loamy sand or coarser textures throughout, and a base saturation (by 1 M NH4OAc) of less than 50 percent in the major part between 50 and 100 cm from the soil surface.","Nitisols = Deep soils of wet (sub-)tropical regions in relatively rich parent material and marked by shiny, nutty structure
elements. Having an argic horizon that has a CEC (by 1 M NH4OAc) of 24 cmolc kg-1 clay or more throughout or to a depth of 50 cm below its upper limit, whichever is shallower, 102 World reference base for soil resources 2006 either starting within 100 cm of the soil surface or within 200 cm of the soil surface if the argic horizon is overlain by loamy sand or coarser textures throughout, and a base saturation (by 1 M NH4OAc) of less than 50 percent in the major part between 50 and 100 cm from the soil surface.",160,82,70,Eutric_Nitosol.jpg,Profielenfolder.jpg,85,"85,160,82,70,255,Alic Nitisols"
86,Haplic Nitisols (Rhodic),Haplic.Nitisols..Rhodic.,Nitisols,492,"Having within 150 cm of the soil surface a subsurface layer, 30 cm or more thick, with a Munsell hue redder than 5 YR (3.5 YR or redder), a value, moist, of less than 3.5 and a value, dry, no more than one unit higher than the moist value.","Nitisols = Deep soils of wet (sub-)tropical regions in relatively rich parent material and marked by shiny, nutty structure
elements. Having within 150 cm of the soil surface a subsurface layer, 30 cm or more thick, with a Munsell hue redder than 5 YR (3.5 YR or redder), a value, moist, of less than 3.5 and a value, dry, no more than one unit higher than the moist value.",204,123,104,Eutric_Nitosol.jpg,Profielenfolder.jpg,86,"86,204,123,104,255,Haplic Nitisols (Rhodic)"
87,Haplic Phaeozems,Haplic.Phaeozems,Phaeozems,1130,,Phaeozems = Dusky red soils of prairie regions with high base saturation but no visible signs of secondary carbonate accumulation. ,213,234,219,Haplic_Phaeozem.jpg,Profielenfolder.jpg,87,"87,213,234,219,255,Haplic Phaeozems"
88,Leptic Phaeozems,Leptic.Phaeozems,Phaeozems,267,Having continuous rock starting within 100 cm of the soil surface.,Phaeozems = Dusky red soils of prairie regions with high base saturation but no visible signs of secondary carbonate accumulation. Having continuous rock starting within 100 cm of the soil surface.,180,234,219,Haplic_Phaeozem.jpg,Profielenfolder.jpg,88,"88,180,234,219,255,Leptic Phaeozems"
89,Luvic Phaeozems,Luvic.Phaeozems,Phaeozems,748,"Having an argic horizon that has a CEC of 24 cmolc kg-1 clay or more throughout or to a depth of 50 cm below its upper limit, whichever is shallower, either starting within 100 cm of the soil surface or within 200 cm of the soil surface if the argic horizon is overlain by loamy sand or coarser textures throughout, and a base saturation (by 1 M NH4OAc) of 50 percent or more in the major part between 50 and 100 cm from the soil surface.","Phaeozems = Dusky red soils of prairie regions with high base saturation but no visible signs of secondary carbonate accumulation. Having an argic horizon that has a CEC of 24 cmolc kg-1 clay or more throughout or to a depth of 50 cm below its upper limit, whichever is shallower, either starting within 100 cm of the soil surface or within 200 cm of the soil surface if the argic horizon is overlain by loamy sand or coarser textures throughout, and a base saturation (by 1 M NH4OAc) of 50 percent or more in the major part between 50 and 100 cm from the soil surface.",194,234,219,Luvic_Phaeozem.jpg,Profielenfolder.jpg,89,"89,194,234,219,255,Luvic Phaeozems"
90,Endogleyic Planosols,Endogleyic.Planosols,Planosols,34,Having between 50 and 100 cm of the mineral soil surface in some parts reducing conditions and in 25 percent or more of the soil volume a gleyic colour pattern.,"Planosols = Brownish and greyish soils of humid temperate regions with a bleached topsoil over dense, slowly permeable subsoil. Having between 50 and 100 cm of the mineral soil surface in some parts reducing conditions and in 25 percent or more of the soil volume a gleyic colour pattern.",215,150,95,,,90,"90,215,150,95,255,Endogleyic Planosols"
91,Haplic Planosols (Dystric),Haplic.Planosols..Dystric.,Planosols,62,"Having a base saturation (by 1 M NH4OAc) of less than 50 percent in the major part between 20 and 100 cm from the soil surface or between 20 cm and continuous rock or a cemented or indurated layer, or, in Leptosols, in a layer, 5 cm or more thick, directly above continuous rock.","Planosols = Brownish and greyish soils of humid temperate regions with a bleached topsoil over dense, slowly permeable subsoil. Having a base saturation (by 1 M NH4OAc) of less than 50 percent in the major part between 20 and 100 cm from the soil surface or between 20 cm and continuous rock or a cemented or indurated layer, or, in Leptosols, in a layer, 5 cm or more thick, directly above continuous rock.",240,150,107,,,91,"91,240,150,107,255,Haplic Planosols (Dystric)"
92,Haplic Planosols (Eutric),Haplic.Planosols..Eutric.,Planosols,315,"Having a base saturation (by 1 M NH4OAc) of 50 percent or more in the major part between 20 and 100 cm from the soil surface or between 20 cm and continuous rock or a cemented or indurated layer, or, in Leptosols, in a layer, 5 cm or more thick, directly above continuous rock.","Planosols = Brownish and greyish soils of humid temperate regions with a bleached topsoil over dense, slowly permeable subsoil. Having a base saturation (by 1 M NH4OAc) of 50 percent or more in the major part between 20 and 100 cm from the soil surface or between 20 cm and continuous rock or a cemented or indurated layer, or, in Leptosols, in a layer, 5 cm or more thick, directly above continuous rock.",246,156,105,Eutric_Planosol.jpg,Profielenfolder.jpg,92,"92,246,156,105,255,Haplic Planosols (Eutric)"
93,Luvic Planosols,Luvic.Planosols,Planosols,32,"Having an argic horizon that has a CEC of 24 cmolc kg-1 clay or more throughout or to a depth of 50 cm below its upper limit, whichever is shallower, either starting within 100 cm of the soil surface or within 200 cm of the soil surface if the argic horizon is overlain by loamy sand or coarser textures throughout, and a base saturation (by 1 M NH4OAc) of 50 percent or more in the major part between 50 and 100 cm from the soil surface.","Planosols = Brownish and greyish soils of humid temperate regions with a bleached topsoil over dense, slowly permeable subsoil. Having an argic horizon that has a CEC of 24 cmolc kg-1 clay or more throughout or to a depth of 50 cm below its upper limit, whichever is shallower, either starting within 100 cm of the soil surface or within 200 cm of the soil surface if the argic horizon is overlain by loamy sand or coarser textures throughout, and a base saturation (by 1 M NH4OAc) of 50 percent or more in the major part between 50 and 100 cm from the soil surface.",210,153,100,,,93,"93,210,153,100,255,Luvic Planosols"
94,Solodic Planosols,Solodic.Planosols,Planosols,226,"Having a layer, 15 cm or more thick within 100 cm of the soil surface, with the columnar or prismatic structure of the natric horizon, but lacking its sodium saturation requirements.","Planosols = Brownish and greyish soils of humid temperate regions with a bleached topsoil over dense, slowly permeable subsoil. Having a layer, 15 cm or more thick within 100 cm of the soil surface, with the columnar or prismatic structure of the natric horizon, but lacking its sodium saturation requirements.",216,149,93,Solodic_Planosol.jpg,Profielenfolder.jpg,94,"94,216,149,93,255,Solodic Planosols"
95,Acric Plinthosols,Acric.Plinthosols,Plinthosols,263,"Having an argic horizon that has a CEC (by 1 M NH4OAc) of less than 24 cmolc kg-1 clay in some part to a maximum depth of 50 cm below its upper limit, either starting within 100 cm of the soil surface or within 200 cm of the soil surface if the argic horizon is overlain by loamy sand or coarser textures throughout, and a base saturation (by 1 M NH4OAc) of less than 50 percent in the major part between 50 and 100 cm from the soil surface.","Plinthosols = Soils of wet (sub-)tropical regions on old weathering surfaces; these soils are marked by the presence of a mixture of clay and quartz (‘plinthite’) that hardens irreversibly upon exposure to the open air. Having an argic horizon that has a CEC (by 1 M NH4OAc) of less than 24 cmolc kg-1 clay in some part to a maximum depth of 50 cm below its upper limit, either starting within 100 cm of the soil surface or within 200 cm of the soil surface if the argic horizon is overlain by loamy sand or coarser textures throughout, and a base saturation (by 1 M NH4OAc) of less than 50 percent in the major part between 50 and 100 cm from the soil surface.",132,88,81,Plinthosol.jpg,Soil taxonomy folder (massive storage),95,"95,132,88,81,255,Acric Plinthosols"
96,Lixic Plinthosols,Lixic.Plinthosols,Plinthosols,49,"Having an argic horizon that has a CEC (by 1 M NH4OAc) of 24 cmolc kg-1 clay or more in some part to a maximum depth of 50 cm below its upper limit, either starting within 100 cm of the soil surface or within 200 cm of the soil surface if the argic horizon is overlain by loamy sand or coarser textures throughout, and a base saturation (by 1 M NH4OAc) of 50 percent or more in the major part between 50 and 100 cm from the soil surface.","Plinthosols = Soils of wet (sub-)tropical regions on old weathering surfaces; these soils are marked by the presence of a mixture of clay and quartz (‘plinthite’) that hardens irreversibly upon exposure to the open air. Having an argic horizon that has a CEC (by 1 M NH4OAc) of 24 cmolc kg-1 clay or more in some part to a maximum depth of 50 cm below its upper limit, either starting within 100 cm of the soil surface or within 200 cm of the soil surface if the argic horizon is overlain by loamy sand or coarser textures throughout, and a base saturation (by 1 M NH4OAc) of 50 percent or more in the major part between 50 and 100 cm from the soil surface.",171,114,105,Plinthosol.jpg,Soil taxonomy folder (massive storage),96,"96,171,114,105,255,Lixic Plinthosols"
97,Gleyic Podzols,Gleyic.Podzols,Podzols,182,Having within 100 cm of the mineral soil surface in some parts reducing conditions and in 25 percent or more of the soil volume a gleyic colour pattern.,Podzols = Soils of humid temperate regions with a bleached eluviation horizon over an accumulation horizon of organic matter with aluminium and/or iron. Having within 100 cm of the mineral soil surface in some parts reducing conditions and in 25 percent or more of the soil volume a gleyic colour pattern.,110,170,124,Gleyic_Podzol.jpg,Profielenfolder.jpg,97,"97,110,170,124,255,Gleyic Podzols"
98,Haplic Podzols,Haplic.Podzols,Podzols,1401,,Podzols = Soils of humid temperate regions with a bleached eluviation horizon over an accumulation horizon of organic matter with aluminium and/or iron. ,109,170,97,Gleyic_Podzol.jpg,Profielenfolder.jpg,98,"98,109,170,97,255,Haplic Podzols"
99,Aric Regosols,Aric.Regosols,Regosols,1494,Having only remnants of diagnostic horizons – disturbed by deep ploughing,"Regosols = Relatively deep soils that occur in unconsolidated materials and which have only surficial
profile development, e.g. because of low soil temperatures, prolonged dryness or erosion. Having only remnants of diagnostic horizons – disturbed by deep ploughing",253,228,183,Eutric_Regosoll.jpg,Profielenfolder.jpg,99,"99,253,228,183,255,Aric Regosols"
100,Calcaric Regosols,Calcaric.Regosols,Regosols,1384,"Having calcaric material between 20 and 50 cm from the soil surface or between 20 cm and continuous rock or a cemented or indurated layer, whichever is shallower.","Regosols = Relatively deep soils that occur in unconsolidated materials and which have only surficial
profile development, e.g. because of low soil temperatures, prolonged dryness or erosion. Having calcaric material between 20 and 50 cm from the soil surface or between 20 cm and continuous rock or a cemented or indurated layer, whichever is shallower.",253,210,184,Calcaric_Regosol.jpg,Profielenfolder.jpg,100,"100,253,210,184,255,Calcaric Regosols"
101,Haplic Regosols (Dystric),Haplic.Regosols..Dystric.,Regosols,270,"Having a base saturation (by 1 M NH4OAc) of less than 50 percent in the major part between 20 and 100 cm from the soil surface or between 20 cm and continuous rock or a cemented or indurated layer, or, in Leptosols, in a layer, 5 cm or more thick, directly above continuous rock.","Regosols = Relatively deep soils that occur in unconsolidated materials and which have only surficial
profile development, e.g. because of low soil temperatures, prolonged dryness or erosion. Having a base saturation (by 1 M NH4OAc) of less than 50 percent in the major part between 20 and 100 cm from the soil surface or between 20 cm and continuous rock or a cemented or indurated layer, or, in Leptosols, in a layer, 5 cm or more thick, directly above continuous rock.",253,216,151,Dystric_Regosol.jpg,Profielenfolder.jpg,101,"101,253,216,151,255,Haplic Regosols (Dystric)"
102,Haplic Regosols (Eutric),Haplic.Regosols..Eutric.,Regosols,691,"Having a base saturation (by 1 M NH4OAc) of 50 percent or more in the major part between 20 and 100 cm from the soil surface or between 20 cm and continuous rock or a cemented or indurated layer, or, in Leptosols, in a layer, 5 cm or more thick, directly above continuous rock.","Regosols = Relatively deep soils that occur in unconsolidated materials and which have only surficial
profile development, e.g. because of low soil temperatures, prolonged dryness or erosion. Having a base saturation (by 1 M NH4OAc) of 50 percent or more in the major part between 20 and 100 cm from the soil surface or between 20 cm and continuous rock or a cemented or indurated layer, or, in Leptosols, in a layer, 5 cm or more thick, directly above continuous rock.",253,218,156,Eutric_Regosoll.jpg,Profielenfolder.jpg,102,"102,253,218,156,255,Haplic Regosols (Eutric)"
103,Haplic Regosols (Sodic),Haplic.Regosols..Sodic.,Regosols,35,Having a 15% or more exchangeable Na plus Mn on the exchange complex within 50 cm of the soil surface throughout.,"Regosols = Relatively deep soils that occur in unconsolidated materials and which have only surficial
profile development, e.g. because of low soil temperatures, prolonged dryness or erosion. Having a 15% or more exchangeable Na plus Mn on the exchange complex within 50 cm of the soil surface throughout.",255,212,156,,Profielenfolder.jpg,103,"103,255,212,156,255,Haplic Regosols (Sodic)"
104,Leptic Regosols,Leptic.Regosols,Regosols,404,Having continuous rock starting within 100 cm of the soil surface.,"Regosols = Relatively deep soils that occur in unconsolidated materials and which have only surficial
profile development, e.g. because of low soil temperatures, prolonged dryness or erosion. Having continuous rock starting within 100 cm of the soil surface.",253,213,142,Eutric_Regosoll.jpg,Profielenfolder.jpg,104,"104,253,213,142,255,Leptic Regosols"
105,Gypsic Solonchaks,Gypsic.Solonchaks,Solonchaks,104,"The gypsic horizon (from Greek gypsos) is a commonly non-cemented horizon containing secondary accumulations of gypsum (CaSO4.2H2O) in various forms. If the accumulation of gypsum becomes such that all or most of the pedological and/or lithological structures disappear and continuous concentrations of gypsum prevail, a hypergypsic qualifier is used.","Solonchaks = Soils of (semi-)arid regions with a high content of soluble salts. The gypsic horizon (from Greek gypsos) is a commonly non-cemented horizon containing secondary accumulations of gypsum (CaSO4.2H2O) in various forms. If the accumulation of gypsum becomes such that all or most of the pedological and/or lithological structures disappear and continuous concentrations of gypsum prevail, a hypergypsic qualifier is used.",224,91,154,Gleyic_Solonchak.jpg,Profielenfolder.jpg,105,"105,224,91,154,255,Gypsic Solonchaks"
106,Haplic Solonchaks,Haplic.Solonchaks,Solonchaks,400,,Solonchaks = Soils of (semi-)arid regions with a high content of soluble salts. ,224,91,180,Gleyic_Solonchak.jpg,Profielenfolder.jpg,106,"106,224,91,180,255,Haplic Solonchaks"
107,Haplic Solonchaks (Sodic),Haplic.Solonchaks..Sodic.,Solonchaks,135,Having 15 percent or more exchangeable Na plus Mg on the exchange complex within 50 cm of the soil surface throughout.,Solonchaks = Soils of (semi-)arid regions with a high content of soluble salts. Having 15 percent or more exchangeable Na plus Mg on the exchange complex within 50 cm of the soil surface throughout.,224,91,127,Gleyic_Solonchak.jpg,Profielenfolder.jpg,107,"107,224,91,127,255,Haplic Solonchaks (Sodic)"
108,Calcic Solonetz,Calcic.Solonetz,Solonetz,150,"The calcic horizon (from Latin calx, lime) is a horizon in which secondary calcium carbonate (CaCO3) has accumulated in a diffuse form (calcium carbonate present only in the form of fine particles of less than 1 mm, dispersed in the matrix) or as discontinuous concentrations (pseudomycelia, cutans, soft and hard nodules, or veins). The accumulation may be in the parent material or in subsurface horizons, but it can also occur in surface horizons. If the accumulation of soft carbonates becomes such that all or most of the pedological and/or lithological structures disappear and continuous concentrations of calcium carbonate prevail, a hypercalcic qualifier is used.","Solonetz = Soils of (semi-)arid regions with a high percentage of adsorbed sodium (Na+) ions. The calcic horizon (from Latin calx, lime) is a horizon in which secondary calcium carbonate (CaCO3) has accumulated in a diffuse form (calcium carbonate present only in the form of fine particles of less than 1 mm, dispersed in the matrix) or as discontinuous concentrations (pseudomycelia, cutans, soft and hard nodules, or veins). The accumulation may be in the parent material or in subsurface horizons, but it can also occur in surface horizons. If the accumulation of soft carbonates becomes such that all or most of the pedological and/or lithological structures disappear and continuous concentrations of calcium carbonate prevail, a hypercalcic qualifier is used.",248,216,237,Gleyic_Solonetz.jpg,Profielenfolder.jpg,108,"108,248,216,237,255,Calcic Solonetz"
109,Gleyic Solonetz,Gleyic.Solonetz,Solonetz,283,Having within 100 cm of the mineral soil surface in some parts reducing conditions and in 25 percent or more of the soil volume a gleyic colour pattern.,Solonetz = Soils of (semi-)arid regions with a high percentage of adsorbed sodium (Na+) ions. Having within 100 cm of the mineral soil surface in some parts reducing conditions and in 25 percent or more of the soil volume a gleyic colour pattern.,226,205,204,Gleyic_Solonetz.jpg,Profielenfolder.jpg,109,"109,226,205,204,255,Gleyic Solonetz"
110,Haplic Solonetz,Haplic.Solonetz,Solonetz,546,,Solonetz = Soils of (semi-)arid regions with a high percentage of adsorbed sodium (Na+) ions. ,248,170,222,Gleyic_Solonetz.jpg,Profielenfolder.jpg,110,"110,248,170,222,255,Haplic Solonetz"
111,Mollic Solonetz,Mollic.Solonetz,Solonetz,317,"The mollic horizon (from Latin mollis, soft) is a well-structured, dark-coloured surface horizon with a high base saturation and a moderate to high content of organic matter.","Solonetz = Soils of (semi-)arid regions with a high percentage of adsorbed sodium (Na+) ions. The mollic horizon (from Latin mollis, soft) is a well-structured, dark-coloured surface horizon with a high base saturation and a moderate to high content of organic matter.",248,223,230,Mollic_Solonetz.jpg,Profielenfolder.jpg,111,"111,248,223,230,255,Mollic Solonetz"
112,Luvic Stagnosols,Luvic.Stagnosols,Stagnosols,62,"Having an argic horizon that has a CEC of 24 cmolc kg-1 clay or more throughout or to a depth of 50 cm below its upper limit, whichever is shallower, either starting within 100 cm of the soil surface or within 200 cm of the soil surface if the argic horizon is overlain by loamy sand or coarser textures throughout, and a base saturation (by 1 M NH4OAc) of 50 percent or more in the major part between 50 and 100 cm from the soil surface.","Stagnosols = Soils with strong mottling of the soil profile due to redox processes caused by stagnating surface water. Having an argic horizon that has a CEC of 24 cmolc kg-1 clay or more throughout or to a depth of 50 cm below its upper limit, whichever is shallower, either starting within 100 cm of the soil surface or within 200 cm of the soil surface if the argic horizon is overlain by loamy sand or coarser textures throughout, and a base saturation (by 1 M NH4OAc) of 50 percent or more in the major part between 50 and 100 cm from the soil surface.",115,195,244,Stagnosol.jpg,Soil taxonomy folder (massive storage),112,"112,115,195,244,255,Luvic Stagnosols"
113,Haplic Umbrisols,Leptic.Umbrisols,Umbrisols,59,,"Umbrisols = Soils of humid temperate regions with a thick, dark, acid surface horizon that is rich in organic matter. ",140,126,121,224px-Umbrisol.jpg,Soil taxonomy folder (massive storage),113,"113,140,126,121,255,Haplic Umbrisols"
114,Leptic Umbrisols,Haplic.Umbrisols,Umbrisols,40,Having continuous rock starting within 100 cm of the soil surface.,"Umbrisols = Soils of humid temperate regions with a thick, dark, acid surface horizon that is rich in organic matter. Having continuous rock starting within 100 cm of the soil surface.",121,140,131,224px-Umbrisol.jpg,Soil taxonomy folder (massive storage),114,"114,121,140,131,255,Leptic Umbrisols"
115,Calcic Vertisols,Calcic.Vertisols,Vertisols,445,"The calcic horizon (from Latin calx, lime) is a horizon in which secondary calcium carbonate (CaCO3) has accumulated in a diffuse form (calcium carbonate present only in the form of fine particles of less than 1 mm, dispersed in the matrix) or as discontinuous concentrations (pseudomycelia, cutans, soft and hard nodules, or veins). The accumulation may be in the parent material or in subsurface horizons, but it can also occur in surface horizons. If the accumulation of soft carbonates becomes such that all or most of the pedological and/or lithological structures disappear and continuous concentrations of calcium carbonate prevail, a hypercalcic qualifier is used.","Vertisols = Swelling and shrinking heavy clayey soils of backswamps, river basins, lake bottoms, and other areas with a high content of expanding 2:1 lattice clays. The calcic horizon (from Latin calx, lime) is a horizon in which secondary calcium carbonate (CaCO3) has accumulated in a diffuse form (calcium carbonate present only in the form of fine particles of less than 1 mm, dispersed in the matrix) or as discontinuous concentrations (pseudomycelia, cutans, soft and hard nodules, or veins). The accumulation may be in the parent material or in subsurface horizons, but it can also occur in surface horizons. If the accumulation of soft carbonates becomes such that all or most of the pedological and/or lithological structures disappear and continuous concentrations of calcium carbonate prevail, a hypercalcic qualifier is used.",168,113,136,Chromic_Vertisol.jpg,Profielenfolder.jpg,115,"115,168,113,136,255,Calcic Vertisols"
116,Haplic Vertisols,Haplic.Vertisols,Vertisols,1063,,"Vertisols = Swelling and shrinking heavy clayey soils of backswamps, river basins, lake bottoms, and other areas with a high content of expanding 2:1 lattice clays. ",168,142,153,Chromic_Vertisol.jpg,Profielenfolder.jpg,116,"116,168,142,153,255,Haplic Vertisols"
117,Haplic Vertisols (Eutric),Haplic.Vertisols..Eutric.,Vertisols,574,"Having a base saturation (by 1 M NH4OAc) of 50 percent or more in the major part between 20 and 100 cm from the soil surface or between 20 cm and continuous rock or a cemented or indurated layer, or, in Leptosols, in a layer, 5 cm or more thick, directly above continuous rock.","Vertisols = Swelling and shrinking heavy clayey soils of backswamps, river basins, lake bottoms, and other areas with a high content of expanding 2:1 lattice clays. Having a base saturation (by 1 M NH4OAc) of 50 percent or more in the major part between 20 and 100 cm from the soil surface or between 20 cm and continuous rock or a cemented or indurated layer, or, in Leptosols, in a layer, 5 cm or more thick, directly above continuous rock.",168,92,125,Chromic_Vertisol.jpg,Profielenfolder.jpg,117,"117,168,92,125,255,Haplic Vertisols (Eutric)"
118,Mollic Vertisols,Mollic.Vertisols,Vertisols,134,"The mollic horizon (from Latin mollis, soft) is a well-structured, dark-coloured surface horizon with a high base saturation and a moderate to high content of organic matter.","Vertisols = Swelling and shrinking heavy clayey soils of backswamps, river basins, lake bottoms, and other areas with a high content of expanding 2:1 lattice clays. The mollic horizon (from Latin mollis, soft) is a well-structured, dark-coloured surface horizon with a high base saturation and a moderate to high content of organic matter.",168,81,162,Chromic_Vertisol.jpg,Profielenfolder.jpg,118,"118,168,81,162,255,Mollic Vertisols"